first_name,last_name,email,gender,phone,birth_date,address
Wilmer,McRonald,wmcronald0@ezinearticles.com,Agender,281 484 7025,6/30/1975,080 7th Terrace
Phillis,Sheach,psheach1@sourceforge.net,Non-binary,653 631 4741,12/27/1989,9350 Susan Circle
Roderick,Coo,rcoo2@blogs.com,Agender,854 793 1631,1/10/1987,6410 Johnson Hill
Clevie,Samson,csamson3@guardian.co.uk,Polygender,112 718 1340,9/3/1989,5860 Basil Avenue
Cornela,Farny,cfarny4@geocities.jp,Female,362 519 5175,6/29/2006,90 Manufacturers Park
Maryl,Garriock,mgarriock5@bloomberg.com,Non-binary,340 169 9366,8/26/1974,99539 Raven Crossing
Marcy,Sudron,msudron6@epa.gov,Non-binary,776 459 4663,3/5/2014,87 Meadow Vale Circle
Codie,Ricardo,cricardo7@ehow.com,Non-binary,632 312 5051,5/31/2004,43 Brickson Park Crossing
Maximilien,Gabbitus,mgabbitus8@deliciousdays.com,Female,178 187 2947,3/16/1994,1 Center Point
Augie,Francois,afrancois9@fc2.com,Genderqueer,278 661 0686,6/16/1977,4598 Vera Pass
Chauncey,Oby,cobya@mit.edu,Female,231 774 5150,4/1/2008,624 John Wall Plaza
Reinold,Ingley,ringleyb@addtoany.com,Agender,612 764 1683,4/12/1984,2 Talmadge Center
Angelique,Perri,aperric@ifeng.com,Male,106 658 6172,10/10/2004,48 Troy Lane
Irvine,McFeat,imcfeatd@purevolume.com,Female,651 752 9653,5/5/1971,19700 New Castle Court
Marena,Mountlow,mmountlowe@trellian.com,Agender,571 626 5924,9/21/1979,01 Rieder Way
Chrissie,Hundell,chundellf@dot.gov,Non-binary,868 123 8873,3/1/1985,35 Darwin Lane
Lydia,McLleese,lmclleeseg@springer.com,Genderfluid,884 942 6676,7/13/1983,3 Golf Street
Bing,Kid,bkidh@yahoo.co.jp,Polygender,810 569 5938,8/2/1975,06 Bay Park
Jerrilyn,Render,jrenderi@sciencedaily.com,Agender,382 840 6176,4/28/1997,89216 Rowland Lane
Jayne,Lober,jloberj@github.com,Non-binary,985 863 1780,2/23/1975,390 Summit Drive
Dina,Jossel,djosselk@sitemeter.com,Genderfluid,330 759 3128,5/7/2009,58 Elgar Avenue
Chip,Flooks,cflooksl@adobe.com,Agender,589 620 9710,2/15/1977,1126 Surrey Drive
Moishe,Fogt,mfogtm@ihg.com,Genderfluid,927 946 3463,10/28/1982,688 Lighthouse Bay Road
Shaylyn,Posthill,sposthilln@privacy.gov.au,Genderfluid,724 841 3696,6/22/1995,292 Linden Park
Denice,Myatt,dmyatto@newsvine.com,Non-binary,658 160 6660,3/3/2011,8196 Dawn Plaza
Jayne,Elmes,jelmesp@alibaba.com,Genderfluid,561 612 4084,8/18/1992,1752 Clarendon Alley
Kelsey,Vittle,kvittleq@sciencedirect.com,Female,755 571 4335,6/21/1983,06 Mayer Avenue
Tynan,Wooler,twoolerr@sfgate.com,Bigender,540 347 9414,5/31/2015,3857 Pennsylvania Plaza
Kaleb,Ascrofte,kascroftes@amazon.co.uk,Female,151 366 2197,3/7/2004,8 Kings Hill
Luther,Udey,ludeyt@wikimedia.org,Non-binary,953 136 3134,6/10/1973,627 Starling Hill
Iona,Marlin,imarlinu@simplemachines.org,Agender,597 972 0333,5/8/2000,3 Blackbird Parkway
Loren,Foard,lfoardv@ca.gov,Bigender,987 826 6355,4/19/2003,28 Mifflin Court
Olvan,Tidbury,otidburyw@about.com,Genderfluid,836 440 7206,4/11/1991,3 Sycamore Place
Timothy,Aulsford,taulsfordx@china.com.cn,Polygender,681 249 3761,10/29/1977,4634 Golf Drive
Giffy,Woehler,gwoehlery@walmart.com,Female,945 814 6333,5/17/2009,9584 Amoth Lane
Stan,Ruggier,sruggierz@dell.com,Genderqueer,503 124 1679,4/29/1988,763 Manufacturers Park
Jonah,Maxted,jmaxted10@tinypic.com,Bigender,446 780 5696,8/29/2005,48251 Macpherson Parkway
Goldie,Jeannon,gjeannon11@squarespace.com,Agender,578 185 1622,6/16/1990,71 Vernon Hill
Grantham,Sappell,gsappell12@meetup.com,Bigender,852 723 0335,7/26/2004,4842 Crescent Oaks Road
Rayshell,Leisk,rleisk13@tripod.com,Male,795 108 3777,5/22/1999,7129 Kensington Place
Boothe,Winchcomb,bwinchcomb14@scientificamerican.com,Non-binary,332 245 9861,4/29/1990,24525 Hanover Plaza
Jami,Sapauton,jsapauton15@reddit.com,Genderqueer,374 480 7387,10/1/1989,02415 Quincy Pass
Irene,Kobel,ikobel16@go.com,Agender,524 762 8684,12/24/1994,90263 Kinsman Junction
Ottilie,Cranham,ocranham17@comcast.net,Polygender,150 502 1543,5/19/1974,4 Springs Court
Jeramey,Klausewitz,jklausewitz18@google.com.au,Female,527 669 1220,9/14/1982,42716 Memorial Trail
Luciano,Mityukov,lmityukov19@theatlantic.com,Female,379 221 1688,5/28/2004,8 Eastwood Pass
Evanne,Bloxsome,ebloxsome1a@fema.gov,Genderfluid,346 910 2450,12/10/2003,3 Katie Junction
Tyrone,Kingcott,tkingcott1b@buzzfeed.com,Non-binary,231 148 3320,2/11/1999,87 Hayes Lane
Dwain,Callam,dcallam1c@bloglovin.com,Genderqueer,144 745 2665,6/28/1974,7155 Banding Circle
Kelsi,Zotto,kzotto1d@unblog.fr,Genderfluid,209 721 9283,4/19/1990,66075 Linden Court
Trent,Downage,tdownage1e@sun.com,Bigender,674 490 8232,7/5/1999,73644 Grayhawk Circle
Dalia,Deschelle,ddeschelle1f@wikipedia.org,Non-binary,619 243 2999,5/2/2006,49 Forster Road
Findlay,Woodroofe,fwoodroofe1g@slideshare.net,Bigender,276 914 1029,10/8/1984,76 Sycamore Crossing
Anna,Rosengart,arosengart1h@ted.com,Male,989 989 5976,10/28/1982,4148 Doe Crossing Trail
Adamo,Edney,aedney1i@a8.net,Agender,811 744 2712,9/28/1986,8140 Cambridge Crossing
Alex,Ahern,aahern1j@nymag.com,Non-binary,376 198 6040,12/11/1973,2335 Waxwing Drive
Cammy,Sterrie,csterrie1k@github.com,Bigender,489 663 3811,1/7/1990,5 Huxley Road
Doloritas,Sclanders,dsclanders1l@topsy.com,Female,264 336 0028,10/22/2006,47312 Kim Pass
Giselbert,Adamovitz,gadamovitz1m@senate.gov,Female,721 220 5038,1/11/1993,792 Bowman Drive
Leupold,Kelberman,lkelberman1n@desdev.cn,Female,855 722 7929,7/2/1985,4 Briar Crest Plaza
Denys,Tolemache,dtolemache1o@e-recht24.de,Bigender,624 139 8484,9/14/1988,9 Huxley Junction
Ethelyn,Heal,eheal1p@aol.com,Female,370 206 9481,9/21/2009,6 Darwin Plaza
Marjorie,Waldren,mwaldren1q@cornell.edu,Genderqueer,102 684 9713,8/3/1992,07892 Truax Pass
Dan,Lamberth,dlamberth1r@angelfire.com,Polygender,451 468 6600,9/8/1973,4 Messerschmidt Park
Johnathan,Durkin,jdurkin1s@vkontakte.ru,Female,697 397 3068,6/15/2001,389 Burning Wood Parkway
Andreana,Feely,afeely1t@ocn.ne.jp,Genderqueer,509 105 6341,7/4/1979,9 Schurz Junction
Ephraim,Pagden,epagden1u@elegantthemes.com,Genderfluid,808 647 1863,7/28/2002,07 Washington Street
Dottie,Keers,dkeers1v@g.co,Non-binary,906 220 5566,3/7/1988,59086 Elmside Place
Mamie,Hollebon,mhollebon1w@businessinsider.com,Agender,486 373 7759,7/13/1971,9 Brentwood Street
Alison,Celier,acelier1x@fc2.com,Female,411 170 0117,11/20/1989,177 Holy Cross Hill
Kippie,Johnsey,kjohnsey1y@webnode.com,Bigender,258 913 6956,6/6/1989,840 Nevada Street
Dew,Maylott,dmaylott1z@edublogs.org,Male,776 598 6534,8/4/1987,5617 Birchwood Trail
Benni,Josh,bjosh20@loc.gov,Genderqueer,819 352 0302,3/26/2014,77 7th Court
Norine,Whatling,nwhatling21@ucoz.com,Genderfluid,194 711 5798,5/23/1971,2818 Dryden Court
Lyndsey,Girdlestone,lgirdlestone22@state.gov,Genderqueer,195 235 1595,8/1/1986,082 Hooker Alley
Lotta,Almond,lalmond23@wisc.edu,Non-binary,839 164 0682,7/17/1979,342 Susan Point
Jefferey,Sabater,jsabater24@cmu.edu,Bigender,333 135 8543,7/13/2004,80380 Morningstar Road
Roseanne,Hyndley,rhyndley25@harvard.edu,Male,423 552 7275,3/18/1975,41786 Lotheville Plaza
Milicent,Nabbs,mnabbs26@nifty.com,Bigender,857 392 1324,12/20/1972,7440 Golf View Pass
Nora,Raden,nraden27@upenn.edu,Polygender,475 587 6375,11/5/1976,9313 Cambridge Junction
Ollie,Reignolds,oreignolds28@nature.com,Non-binary,120 419 4733,7/31/2011,48303 Oneill Court
Janenna,Nice,jnice29@google.ru,Genderfluid,908 422 8423,7/9/1982,9 Sunfield Place
Axe,Bransby,abransby2a@blinklist.com,Male,328 461 8989,5/8/1982,0798 Mariners Cove Avenue
Stefania,Moehle,smoehle2b@w3.org,Non-binary,949 566 7564,12/23/1995,3134 Annamark Pass
Amil,Mulholland,amulholland2c@omniture.com,Polygender,222 763 1217,10/19/1979,36 Dahle Parkway
Vivi,Foley,vfoley2d@fc2.com,Female,974 924 1279,11/24/2007,1 Lakeland Center
Cariotta,Trainor,ctrainor2e@dot.gov,Genderqueer,511 668 2515,3/8/2006,25 Riverside Place
Franchot,Marvin,fmarvin2f@patch.com,Non-binary,716 968 4474,2/21/1975,10503 Hollow Ridge Place
Audry,Vest,avest2g@people.com.cn,Genderqueer,836 996 8232,4/7/1989,48768 Eastwood Street
Kienan,Kinchley,kkinchley2h@yahoo.co.jp,Female,806 563 5790,3/10/1981,4819 Roth Place
Abeu,Marshal,amarshal2i@topsy.com,Bigender,120 164 9512,8/21/1973,4 Milwaukee Junction
Fabian,Corona,fcorona2j@cbslocal.com,Male,867 675 7528,2/22/1995,86682 Schlimgen Crossing
Ginger,Flaxman,gflaxman2k@nationalgeographic.com,Polygender,190 584 4730,8/4/2004,79120 Rockefeller Street
Korella,Kristiansen,kkristiansen2l@microsoft.com,Agender,305 115 9396,3/19/1995,8398 Warrior Pass
Packston,Ramlot,pramlot2m@webs.com,Genderqueer,577 731 4526,4/5/1982,4 Talmadge Avenue
Cati,Drivers,cdrivers2n@wunderground.com,Female,395 262 7086,7/1/1973,6236 Mosinee Center
Neville,Chsteney,nchsteney2o@amazonaws.com,Genderfluid,545 295 3914,4/19/1997,317 Hintze Court
Shawn,Stidson,sstidson2p@ocn.ne.jp,Polygender,379 821 6093,8/10/1986,0643 Brown Center
Benton,Menaul,bmenaul2q@networksolutions.com,Bigender,153 986 4237,3/30/2014,431 Weeping Birch Pass
Lennard,Heinemann,lheinemann2r@fotki.com,Genderqueer,421 472 5282,6/19/1994,06 Victoria Plaza
Marv,Quiddinton,mquiddinton2s@weather.com,Polygender,628 282 6861,7/5/2005,5 Dunning Terrace
Allie,Gott,agott2t@alibaba.com,Bigender,542 982 0271,5/12/1994,0114 Veith Road
Theadora,Border,tborder2u@github.com,Genderfluid,467 902 6438,2/15/1976,6 Mallory Way
Rab,Prescote,rprescote2v@bloglines.com,Genderfluid,695 196 5582,8/11/1991,5 Killdeer Hill
Aurie,Curror,acurror2w@nytimes.com,Agender,798 164 9995,4/2/1990,6 Oxford Pass
Clemmy,Sawkins,csawkins2x@blogtalkradio.com,Genderfluid,604 267 8164,9/6/2003,4276 Butterfield Parkway
Greg,Carnegy,gcarnegy2y@java.com,Bigender,929 242 2746,9/11/1983,655 Clove Alley
Monro,Veazey,mveazey2z@fc2.com,Genderfluid,507 358 9354,2/4/2009,34077 Surrey Hill
Marcello,Raikes,mraikes30@networkadvertising.org,Female,299 856 8209,3/27/2006,53 Sloan Street
Hussein,Aland,haland31@thetimes.co.uk,Agender,749 159 7086,10/12/1975,1 Jackson Pass
Rodolph,Cranidge,rcranidge32@slashdot.org,Polygender,215 110 9456,12/2/1985,3583 Hansons Point
Stace,Digwood,sdigwood33@umich.edu,Genderfluid,705 236 2334,12/22/2005,8 Hanover Point
Ana,Theuff,atheuff34@infoseek.co.jp,Polygender,201 865 3661,1/17/1986,20 Vidon Park
Hillary,Kelleway,hkelleway35@mlb.com,Male,201 216 0227,4/13/1986,75 Macpherson Avenue
Tye,Kobierzycki,tkobierzycki36@slideshare.net,Male,985 210 3625,4/14/1993,9503 Main Lane
Alyse,Guidetti,aguidetti37@prlog.org,Non-binary,630 134 0175,10/6/2012,87 Dixon Drive
Wye,Crean,wcrean38@bloomberg.com,Female,673 838 3654,8/30/1998,200 Corscot Road
Hersch,Exter,hexter39@nba.com,Genderfluid,266 150 5962,12/6/1973,81589 Rusk Pass
Brenden,Commander,bcommander3a@unesco.org,Genderfluid,616 233 2273,4/26/1997,82730 Hoffman Junction
Harley,Docksey,hdocksey3b@zdnet.com,Non-binary,882 788 8746,12/7/2009,8 Monica Alley
Marja,Giron,mgiron3c@ucsd.edu,Bigender,684 747 1691,9/25/2004,162 Starling Court
Igor,Millis,imillis3d@jigsy.com,Non-binary,920 155 2935,1/27/1993,221 Duke Road
Grethel,Kearn,gkearn3e@huffingtonpost.com,Bigender,980 231 9957,12/6/2005,62 Bunting Plaza
Sybyl,Dumphries,sdumphries3f@instagram.com,Genderqueer,415 641 2962,5/24/2005,07 Monument Plaza
Ado,Molloy,amolloy3g@yandex.ru,Genderfluid,866 715 7556,5/17/1973,49680 Dottie Center
Blair,O Noland,bonoland3h@lycos.com,Genderfluid,930 909 3147,9/15/1990,174 Merchant Plaza
Royal,Caverhill,rcaverhill3i@photobucket.com,Polygender,293 908 0840,7/27/2011,64435 Park Meadow Crossing
Marian,Levington,mlevington3j@forbes.com,Genderfluid,607 687 7937,6/30/1988,3 Kinsman Street
Debor,Tosh,dtosh3k@artisteer.com,Polygender,327 436 9231,9/18/1971,1 Arkansas Plaza
Mahalia,Runciman,mrunciman3l@github.io,Female,978 160 9528,4/20/1982,6 Kropf Avenue
Cynthia,MacCrossan,cmaccrossan3m@symantec.com,Bigender,920 833 5440,9/7/2010,743 Eagan Avenue
Ileane,Gatecliff,igatecliff3n@cornell.edu,Female,745 953 3096,3/25/2005,56 Reinke Junction
Hali,Seery,hseery3o@theglobeandmail.com,Male,882 419 1580,7/17/2012,39 Hauk Point
Brod,Fitchell,bfitchell3p@creativecommons.org,Agender,928 294 0498,12/18/2010,2658 Meadow Ridge Drive
Pete,Gawkroge,pgawkroge3q@ucsd.edu,Agender,998 123 4025,9/3/2011,388 Sunnyside Terrace
Goran,Hamer,ghamer3r@wikia.com,Male,747 598 9315,5/15/1980,65035 Golden Leaf Way
Guinna,Gillebride,ggillebride3s@timesonline.co.uk,Agender,921 765 4637,9/3/1990,4954 Village Road
Estel,Race,erace3t@reuters.com,Male,922 476 9660,10/18/1981,4 Manley Pass
Kent,Onthank,konthank3u@indiegogo.com,Genderfluid,204 164 4555,9/23/1997,28525 Troy Plaza
Bartholomew,Wyrill,bwyrill3v@google.co.jp,Polygender,245 269 7938,8/14/1998,4264 Burning Wood Center
Austen,Adshead,aadshead3w@icq.com,Non-binary,916 168 5584,12/5/1998,6 Hintze Alley
Ted,Sharrock,tsharrock3x@cbslocal.com,Male,202 633 9278,3/16/1994,7 Troy Avenue
Gizela,Winchcomb,gwinchcomb3y@whitehouse.gov,Bigender,532 997 0737,11/10/1986,08164 Hintze Court
Drake,Harhoff,dharhoff3z@nhs.uk,Genderqueer,992 970 1836,3/11/1972,0472 Lake View Lane
Elisabet,Shapera,eshapera40@histats.com,Male,505 820 4833,9/4/1975,866 Pine View Avenue
Anatollo,Schott,aschott41@dedecms.com,Non-binary,818 199 1888,6/14/1985,29 Shopko Point
Johna,Mathieson,jmathieson42@admin.ch,Genderqueer,965 941 7425,9/5/2014,3 Buhler Plaza
Wendy,MacKniely,wmackniely43@redcross.org,Genderfluid,710 734 7310,11/16/2012,4 Mallory Terrace
Fey,Amaya,famaya44@com.com,Non-binary,115 583 0299,9/13/2010,67 Lakeland Terrace
Seward,Shurman,sshurman45@booking.com,Genderfluid,945 832 6047,11/17/1975,5 Summit Center
Gregor,Laugier,glaugier46@purevolume.com,Polygender,402 194 9298,9/11/2012,25222 Lakewood Lane
Carrissa,Dacey,cdacey47@berkeley.edu,Male,905 391 7097,3/2/1977,1 Everett Pass
Gabriello,Guyonnet,gguyonnet48@walmart.com,Bigender,212 180 5179,2/23/1974,5957 8th Plaza
Leonanie,Llywarch,lllywarch49@google.co.jp,Female,555 930 2626,12/19/1977,5 Mccormick Court
Tiffi,Greiswood,tgreiswood4a@dailymotion.com,Genderqueer,155 331 8440,6/1/1989,765 Tony Hill
Misha,Devenny,mdevenny4b@cpanel.net,Agender,961 843 4340,5/21/1982,291 Parkside Avenue
Pierre,Roseaman,proseaman4c@github.io,Bigender,322 331 5897,3/12/1984,236 Fairfield Place
Inglebert,Goublier,igoublier4d@eventbrite.com,Female,108 716 7794,4/29/1985,1717 Sheridan Alley
Nico,Bellanger,nbellanger4e@hexun.com,Non-binary,845 746 0369,12/27/1981,98 Stephen Avenue
Saul,Worsell,sworsell4f@people.com.cn,Genderqueer,252 779 6519,9/15/1971,918 Lakeland Street
Nanice,Goakes,ngoakes4g@hostgator.com,Female,906 685 6566,4/28/2013,60 Brentwood Center
Patrizio,Demangeot,pdemangeot4h@howstuffworks.com,Non-binary,211 918 6390,11/21/1996,8847 Myrtle Parkway
Hurlee,Crinage,hcrinage4i@printfriendly.com,Agender,754 882 6554,4/14/2001,704 Lukken Lane
Sumner,Dimond,sdimond4j@delicious.com,Genderqueer,435 693 9712,4/10/1995,8324 Delaware Place
Nickolas,Marden,nmarden4k@bravesites.com,Genderfluid,215 487 5843,7/5/1972,626 Dunning Place
Reinwald,Gontier,rgontier4l@geocities.jp,Male,577 921 8974,3/5/2013,4 Fairview Court
Dore,Raffan,draffan4m@cdc.gov,Agender,268 892 3316,3/30/2011,085 Macpherson Alley
Kenyon,Kingaby,kkingaby4n@foxnews.com,Bigender,779 557 7604,10/22/2009,2618 Lyons Trail
Fraser,Mooring,fmooring4o@aol.com,Bigender,676 850 1809,10/7/1989,12 Florence Center
Adelle,Keys,akeys4p@google.com.hk,Agender,451 865 8653,11/16/1983,6 Cambridge Way
Orsa,Baleine,obaleine4q@dmoz.org,Non-binary,781 681 0173,10/9/1982,219 Towne Drive
Tam,Cinderey,tcinderey4r@ow.ly,Genderqueer,820 430 7362,5/7/2006,4354 Mcguire Plaza
Chelsea,Godleman,cgodleman4s@si.edu,Male,162 132 5276,6/14/2011,9563 Claremont Avenue
Carey,Dicte,cdicte4t@meetup.com,Genderqueer,127 650 4190,8/8/1991,61506 Grayhawk Point
Trudi,Beccles,tbeccles4u@tinypic.com,Female,400 833 6523,12/6/2010,502 Forest Dale Court
Sloane,Piborn,spiborn4v@wix.com,Bigender,324 181 2844,3/11/1986,908 Forest Hill
Ilka,Dewire,idewire4w@rediff.com,Genderqueer,154 978 6526,6/19/2015,515 8th Plaza
Eleanora,Heaysman,eheaysman4x@narod.ru,Genderqueer,327 665 0563,7/4/2001,2 Parkside Plaza
Aldric,Albasini,aalbasini4y@java.com,Agender,675 871 2690,8/15/1988,0 Vermont Alley
Mignonne,Riccardi,mriccardi4z@wix.com,Female,687 986 1723,2/18/1994,9535 Fieldstone Place
Nicolai,Goldthorp,ngoldthorp50@theglobeandmail.com,Genderfluid,631 985 6430,6/22/2011,0 Fieldstone Court
Darby,Greveson,dgreveson51@fc2.com,Genderqueer,197 306 0482,2/14/1998,312 John Wall Point
Elly,Mence,emence52@last.fm,Genderqueer,559 455 0751,2/24/2008,15749 Dapin Circle
Elvis,Boord,eboord53@state.tx.us,Genderqueer,397 822 8753,12/3/2004,0787 Pine View Lane
Lonna,Flemmich,lflemmich54@bbc.co.uk,Polygender,781 660 4776,3/6/2014,7046 Stone Corner Street
Gavan,Vanezis,gvanezis55@google.de,Genderqueer,110 192 4833,7/15/1987,0 Gina Drive
Oswald,China,ochina56@bandcamp.com,Non-binary,215 273 1462,8/1/1989,2 Hollow Ridge Lane
Vikky,Franzonetti,vfranzonetti57@slashdot.org,Genderqueer,289 309 0745,1/23/1984,38878 Stuart Way
Beale,Manilove,bmanilove58@wikimedia.org,Agender,361 862 7267,4/5/2015,51870 Lawn Court
Skye,Sutlieff,ssutlieff59@biglobe.ne.jp,Male,412 959 7636,10/1/2010,58 Brentwood Alley
Desiri,O Doherty,dodoherty5a@prlog.org,Polygender,696 352 0022,4/15/1971,561 Bellgrove Pass
Florinda,Pond,fpond5b@unblog.fr,Genderqueer,281 471 8424,4/1/1983,2 Twin Pines Lane
Danny,Scallon,dscallon5c@marriott.com,Genderfluid,183 726 4764,12/11/1983,302 Lillian Drive
Deloria,Edgworth,dedgworth5d@statcounter.com,Genderqueer,179 889 2238,4/8/2010,1 Russell Point
Percy,Kalaher,pkalaher5e@mail.ru,Genderfluid,710 472 0680,7/11/2010,2568 Arizona Lane
Hillyer,Boost,hboost5f@netvibes.com,Bigender,876 980 7111,5/5/1995,02174 Coolidge Terrace
Orland,Akester,oakester5g@washington.edu,Polygender,344 742 5414,9/26/2006,2 Columbus Terrace
Duffy,McGirr,dmcgirr5h@photobucket.com,Agender,405 825 6448,5/12/1988,96864 Buhler Circle
Tadd,Starrs,tstarrs5i@qq.com,Genderqueer,262 290 4739,8/9/1979,16761 Nobel Circle
Blondie,Eggins,beggins5j@auda.org.au,Male,614 857 9724,11/18/1972,6 Parkside Avenue
Wilhelm,Gemeau,wgemeau5k@twitter.com,Female,653 693 0900,6/20/1975,71757 Bunting Point
Claire,Weddeburn,cweddeburn5l@forbes.com,Agender,468 174 4074,10/29/1993,1006 Birchwood Crossing
Northrop,Rushford,nrushford5m@tuttocitta.it,Bigender,673 273 0060,6/7/1986,23 Hanson Alley
Ev,Martini,emartini5n@yandex.ru,Non-binary,840 491 6522,9/28/1989,8 Clyde Gallagher Parkway
Frankie,Botwright,fbotwright5o@noaa.gov,Female,703 541 6683,11/16/1980,26 Quincy Hill
Silvia,Casterton,scasterton5p@skyrock.com,Agender,305 668 2996,11/22/2007,711 Fieldstone Center
Rafaelia,Cluderay,rcluderay5q@addthis.com,Genderfluid,641 801 2942,5/26/1977,718 Vera Center
Lucilia,Brik,lbrik5r@free.fr,Genderfluid,334 209 8652,6/8/1986,417 Bellgrove Drive
Cobbie,Pawley,cpawley5s@shareasale.com,Non-binary,194 348 6336,11/19/1992,02641 Jenifer Plaza
Evie,Cutting,ecutting5t@dion.ne.jp,Bigender,244 754 7763,1/6/2004,6616 Southridge Center
Roderich,Yandell,ryandell5u@drupal.org,Non-binary,936 699 2162,9/7/1998,43427 Calypso Parkway
Dix,Renzullo,drenzullo5v@wikimedia.org,Polygender,744 213 3116,5/6/2003,57672 Barby Court
Bartlett,Buggs,bbuggs5w@weibo.com,Female,403 183 7323,4/21/1990,906 Brown Park
Brod,Shave,bshave5x@ca.gov,Male,288 788 3757,1/5/2012,4 Mccormick Street
Natty,Collier,ncollier5y@theatlantic.com,Bigender,313 386 5407,2/7/1983,43 Lakewood Gardens Crossing
Consalve,Skeene,cskeene5z@elpais.com,Polygender,544 374 7764,7/28/2001,75 Prairie Rose Park
Dylan,Oager,doager60@aboutads.info,Male,759 361 7551,10/8/1985,9322 Darwin Junction
Ashien,Crannis,acrannis61@aol.com,Bigender,449 178 8662,7/1/1974,3 Lotheville Junction
Baudoin,Cowans,bcowans62@google.ru,Genderfluid,908 409 9242,10/8/2001,71 Hooker Trail
Barbette,Guye,bguye63@ebay.com,Agender,916 187 4843,5/13/1985,43134 Shopko Hill
Siusan,Gracey,sgracey64@ca.gov,Non-binary,406 508 6612,2/6/1994,8951 Emmet Avenue
Tannie,Pettigrew,tpettigrew65@example.com,Female,879 813 5664,8/12/1977,19419 Mayer Lane
Coleman,Vasyagin,cvasyagin66@sina.com.cn,Genderqueer,293 384 3003,2/4/1983,1548 6th Avenue
Conn,Jeacocke,cjeacocke67@forbes.com,Bigender,285 240 8074,7/16/1999,20 Sunnyside Trail
Davy,Probat,dprobat68@businessinsider.com,Genderqueer,935 581 0831,1/3/2005,02995 Emmet Circle
Khalil,Casement,kcasement69@mayoclinic.com,Female,191 562 1274,4/8/1971,643 Warner Parkway
Conan,Grahlmans,cgrahlmans6a@sohu.com,Female,490 904 4845,10/5/2003,139 Bunker Hill Park
Adrien,Blaver,ablaver6b@google.com.br,Genderqueer,800 229 5588,9/15/1999,3 Heffernan Parkway
Clem,Camoys,ccamoys6c@thetimes.co.uk,Polygender,792 160 2813,9/9/1975,04372 Elmside Street
Jackie,Muzzullo,jmuzzullo6d@smugmug.com,Bigender,380 136 8331,9/26/1988,873 Birchwood Place
Meggy,Kleeborn,mkleeborn6e@cnbc.com,Male,489 396 2553,9/20/1988,700 Moose Circle
Phillipe,Itzkovich,pitzkovich6f@tripod.com,Male,501 965 0015,10/14/2006,67847 Little Fleur Plaza
Silvester,Neat,sneat6g@nba.com,Genderqueer,147 491 4757,1/28/2012,68 Vahlen Terrace
Lindsey,Willshere,lwillshere6h@xinhuanet.com,Genderfluid,947 510 6191,9/10/1981,4 Loftsgordon Junction
Shellysheldon,Simenot,ssimenot6i@youku.com,Non-binary,922 537 1466,10/27/2000,18 Northwestern Center
Grace,Blazy,gblazy6j@webeden.co.uk,Genderfluid,154 179 5137,7/18/1987,3 Montana Parkway
Ritchie,Chiene,rchiene6k@w3.org,Genderqueer,213 619 4035,3/7/1995,5301 Miller Point
Vanya,Petrashov,vpetrashov6l@pbs.org,Bigender,917 521 3618,9/10/2006,17 Emmet Way
Barnaby,Burtonshaw,bburtonshaw6m@uiuc.edu,Genderfluid,761 900 3339,3/20/2004,59583 Northview Trail
Finley,Cownden,fcownden6n@google.co.uk,Genderfluid,650 686 4397,5/27/1994,6710 Namekagon Point
Paton,M Quharg,pmquharg6o@amazon.co.uk,Genderfluid,122 941 6034,2/11/1977,33 Colorado Drive
Ingunna,Flucks,iflucks6p@drupal.org,Genderqueer,474 302 6109,3/25/1988,754 Mockingbird Drive
Meier,Weighell,mweighell6q@pcworld.com,Non-binary,493 615 3486,3/4/2002,903 Rieder Court
Elmo,Alessandrini,ealessandrini6r@washingtonpost.com,Bigender,612 330 4965,1/5/2005,2685 Florence Center
Catharine,Michin,cmichin6s@ft.com,Non-binary,112 955 2896,5/26/1983,82913 Granby Center
Bentley,Lowthorpe,blowthorpe6t@macromedia.com,Non-binary,896 454 5042,8/24/1980,30624 Spohn Lane
Alison,Shimmings,ashimmings6u@ovh.net,Bigender,566 179 1755,5/15/1977,3472 Old Gate Hill
Gaultiero,Metcalfe,gmetcalfe6v@twitpic.com,Non-binary,825 808 6240,5/30/1979,949 Randy Plaza
Hogan,Conyer,hconyer6w@lulu.com,Genderfluid,844 281 9471,1/3/2015,093 Fieldstone Court
Merrile,Whellams,mwhellams6x@canalblog.com,Genderfluid,158 600 4740,8/30/1999,2 Sage Plaza
Mirella,Caplis,mcaplis6y@printfriendly.com,Genderfluid,807 144 9449,4/8/1990,90524 Carpenter Drive
Dorolisa,Connop,dconnop6z@wordpress.org,Non-binary,823 183 1874,11/7/1979,51 Pierstorff Way
Roddy,Ayerst,rayerst70@ca.gov,Agender,825 115 3248,6/11/1985,49 Hallows Junction
Doro,Gammett,dgammett71@ameblo.jp,Genderqueer,207 477 9835,3/6/1972,7086 Kim Terrace
Filberto,Kunze,fkunze72@4shared.com,Male,506 197 5838,12/18/1985,9 Debs Hill
Issy,Ashurst,iashurst73@dmoz.org,Genderqueer,536 746 6537,10/9/1998,88224 Dayton Court
Odilia,Dow,odow74@w3.org,Bigender,102 649 0652,7/8/1971,207 Lotheville Hill
Stanislas,Tyler,styler75@people.com.cn,Non-binary,171 917 5209,2/24/1993,6 Buhler Street
Reg,Lebourn,rlebourn76@indiegogo.com,Non-binary,525 411 2560,1/10/1978,441 Mifflin Road
Olav,Pitts,opitts77@princeton.edu,Female,794 106 7504,12/1/1985,5 Drewry Plaza
Min,Twelve,mtwelve78@github.io,Genderfluid,330 136 2662,10/2/1977,36316 6th Point
Marcella,Bend,mbend79@php.net,Agender,970 482 5659,3/31/1984,9595 Basil Junction
Judie,Vanderson,jvanderson7a@wp.com,Male,552 186 2620,3/31/1997,576 Sauthoff Place
Danette,Ferrarone,dferrarone7b@wikipedia.org,Non-binary,394 620 5318,9/26/1993,6049 Rowland Plaza
Shawn,Kerwood,skerwood7c@lycos.com,Bigender,422 249 0132,11/20/2010,53330 Brentwood Terrace
Chrissie,Chetham,cchetham7d@comsenz.com,Female,365 534 7713,11/21/2003,627 Gerald Pass
Tan,Monelle,tmonelle7e@cbc.ca,Genderqueer,744 116 7911,1/20/1986,83740 Doe Crossing Avenue
Gilbert,Stibbs,gstibbs7f@homestead.com,Genderfluid,745 591 0656,5/25/2003,6 Parkside Drive
Meggy,Pohlak,mpohlak7g@reuters.com,Polygender,552 815 9966,11/30/1972,45 Utah Parkway
Collete,Pavier,cpavier7h@discovery.com,Male,398 164 0653,10/12/2011,0 Londonderry Court
Griffie,Yuille,gyuille7i@fema.gov,Female,883 923 8154,2/28/1973,36652 Hallows Parkway
Shanta,Tillard,stillard7j@homestead.com,Genderqueer,779 857 0190,11/7/1982,7 Troy Alley
Brook,Penwright,bpenwright7k@a8.net,Male,444 186 9613,11/1/1971,48474 Algoma Lane
Kip,Trymme,ktrymme7l@paypal.com,Agender,599 415 4914,1/23/1977,626 Packers Plaza
Neill,Shillaker,nshillaker7m@uol.com.br,Male,234 846 6896,9/14/2012,23 Columbus Junction
Mill,Aimeric,maimeric7n@hugedomains.com,Genderqueer,189 946 5842,5/6/1997,05705 3rd Place
Cordie,Serrurier,cserrurier7o@desdev.cn,Non-binary,816 200 9073,3/15/1991,986 Mayer Center
Claudina,Dare,cdare7p@indiegogo.com,Genderqueer,680 695 8602,6/7/1990,702 Sage Way
Marrilee,Mahaddy,mmahaddy7q@time.com,Genderfluid,782 443 9080,2/14/1979,35 Becker Parkway
Margaux,Donaghie,mdonaghie7r@stanford.edu,Agender,714 854 8252,5/12/2010,79 Sauthoff Terrace
Steward,Bader,sbader7s@sbwire.com,Non-binary,843 698 8257,9/27/1977,0 Portage Hill
Emery,Eastabrook,eeastabrook7t@narod.ru,Genderqueer,476 363 8257,8/28/1987,51399 Holmberg Place
Gayler,Klauer,gklauer7u@usa.gov,Genderqueer,838 841 9141,5/31/2001,3 Florence Crossing
Randi,Hakewell,rhakewell7v@instagram.com,Agender,513 665 0870,4/18/1994,2905 Village Green Point
Adelind,McConway,amcconway7w@joomla.org,Male,166 853 7845,9/21/1990,6149 Mitchell Drive
Cary,McIlharga,cmcilharga7x@whitehouse.gov,Agender,637 107 3712,7/28/1983,69 Northwestern Place
Pietra,Tearny,ptearny7y@photobucket.com,Male,768 368 2277,11/27/1980,9376 Laurel Trail
Antoine,Mattiessen,amattiessen7z@last.fm,Agender,371 429 6341,4/1/1992,1835 Prairie Rose Road
Leslie,Wooton,lwooton80@ow.ly,Genderfluid,729 869 0491,2/14/2007,2689 Debs Point
Evangeline,Howie,ehowie81@blogger.com,Non-binary,896 142 2483,10/11/1975,9 Springview Plaza
Nadine,Guyton,nguyton82@si.edu,Genderqueer,569 265 9445,3/31/1973,8908 Cherokee Pass
Winni,Kilbride,wkilbride83@is.gd,Non-binary,848 850 9795,2/2/2000,34426 Oriole Place
Nappie,Weatherhill,nweatherhill84@reference.com,Agender,945 323 1151,1/31/1982,74865 Summerview Place
Eli,Willoughby,ewilloughby85@ft.com,Agender,753 331 5046,1/9/1995,67 East Park
Jerrie,Thornton-Dewhirst,jthorntondewhirst86@tamu.edu,Agender,218 869 3476,3/15/1980,88 Laurel Park
Rodrique,Michiel,rmichiel87@admin.ch,Female,965 571 6203,7/28/1988,59361 International Pass
Meggi,Brakewell,mbrakewell88@nbcnews.com,Agender,302 941 8131,11/21/2010,0 Charing Cross Point
Catha,Loney,cloney89@cnbc.com,Female,955 838 9672,8/6/1982,7 Sheridan Court
Felipe,Kann,fkann8a@cbsnews.com,Non-binary,303 456 9702,3/16/1978,14 Holy Cross Trail
Adan,Piesold,apiesold8b@huffingtonpost.com,Polygender,280 642 6229,1/4/1995,713 Green Way
Vinnie,Blackburne,vblackburne8c@deliciousdays.com,Agender,536 363 9261,8/19/1994,6202 Ryan Avenue
Aube,Belchamp,abelchamp8d@woothemes.com,Female,335 365 4129,12/4/2010,347 Corben Court
Kilian,Hankard,khankard8e@mayoclinic.com,Bigender,670 773 0970,3/15/1983,80719 Daystar Lane
Salem,Pala,spala8f@europa.eu,Polygender,177 832 4117,12/21/1988,2761 New Castle Crossing
Tobi,Underwood,tunderwood8g@fda.gov,Bigender,312 182 1615,4/24/2015,8321 Sherman Avenue
Elvera,Handyside,ehandyside8h@posterous.com,Non-binary,719 948 5120,11/7/2014,89715 School Plaza
Eldredge,Covill,ecovill8i@pcworld.com,Agender,699 324 6128,5/17/1975,614 Jana Plaza
Zarah,Giffard,zgiffard8j@patch.com,Agender,543 574 4425,6/25/2010,235 Holy Cross Alley
Nial,Dorset,ndorset8k@phpbb.com,Genderqueer,706 179 7710,4/20/1973,96 Muir Avenue
Waite,Antoniak,wantoniak8l@china.com.cn,Bigender,228 144 1085,2/9/1993,746 Jay Road
Theodore,Frazer,tfrazer8m@jimdo.com,Agender,718 398 5931,8/19/1996,0722 Eastwood Plaza
Cornie,Putterill,cputterill8n@hatena.ne.jp,Non-binary,329 506 6422,3/27/2002,7560 Warrior Point
Timothy,Davidovsky,tdavidovsky8o@tiny.cc,Genderfluid,132 614 7302,7/30/2003,29677 Bunting Street
Dru,Caress,dcaress8p@oakley.com,Male,101 689 7452,10/31/1995,8 Hovde Terrace
Anson,Gomery,agomery8q@toplist.cz,Genderfluid,560 777 5836,6/16/1997,6784 Homewood Crossing
Darn,Crocroft,dcrocroft8r@canalblog.com,Bigender,179 756 8907,7/26/1989,73 Ronald Regan Junction
Celestina,Petrillo,cpetrillo8s@nydailynews.com,Female,987 582 2318,7/5/2013,727 Utah Terrace
Martynne,Dunsire,mdunsire8t@gmpg.org,Bigender,870 320 7100,3/22/1999,22 Glendale Court
Aldous,Fritchley,afritchley8u@oakley.com,Non-binary,645 342 9536,12/5/1976,185 Morning Place
Lynnet,Lampet,llampet8v@wired.com,Bigender,243 345 8512,9/21/1976,5 Pine View Court
Maisey,Frame,mframe8w@wsj.com,Male,707 409 7397,12/20/1984,3770 Luster Alley
Meggi,Litherborough,mlitherborough8x@rediff.com,Non-binary,238 192 6504,1/13/1992,440 Kedzie Trail
Zena,Blasoni,zblasoni8y@npr.org,Non-binary,685 590 6002,12/21/1999,4 Heffernan Junction
Delphinia,Galle,dgalle8z@unc.edu,Polygender,481 743 4703,11/8/1994,825 Coolidge Plaza
Denys,Clinkard,dclinkard90@sourceforge.net,Bigender,478 356 7186,10/6/1973,84745 Darwin Crossing
Kirsti,Arlow,karlow91@ebay.com,Polygender,726 173 6753,10/19/1975,0 Fairview Street
Niccolo,Newbigging,nnewbigging92@noaa.gov,Agender,986 253 3335,7/26/1983,5163 Shopko Place
Sarina,Cathesyed,scathesyed93@ow.ly,Bigender,878 112 7264,12/1/1986,47000 Valley Edge Crossing
Klemens,Tott,ktott94@unc.edu,Genderqueer,318 106 4302,6/12/2002,7 Fallview Alley
Moe,Boulton,mboulton95@booking.com,Genderqueer,975 132 7223,4/11/1983,74 Bartelt Road
Kandy,Farmiloe,kfarmiloe96@seesaa.net,Non-binary,345 737 1292,6/30/1972,09 Jay Plaza
Jimmie,Riepel,jriepel97@amazon.co.uk,Genderfluid,796 956 9471,7/21/1979,5 Vera Court
Kathe,Kwiek,kkwiek98@newsvine.com,Agender,172 377 1208,8/31/1989,6746 Ohio Crossing
Joachim,Cristofolini,jcristofolini99@msu.edu,Female,433 421 0268,1/7/1985,0983 Rieder Point
Coop,Treadwell,ctreadwell9a@shareasale.com,Female,698 256 9024,2/2/1980,0 Springview Street
Keelia,Adshead,kadshead9b@mac.com,Genderfluid,837 414 0433,9/3/1993,1358 7th Way
Herculie,Dugmore,hdugmore9c@pagesperso-orange.fr,Bigender,915 414 5443,1/31/2008,91624 Corscot Drive
Valentijn,Braitling,vbraitling9d@globo.com,Genderfluid,395 411 0155,11/19/1988,2 Mockingbird Avenue
Zarah,Kohrt,zkohrt9e@admin.ch,Non-binary,799 209 4390,7/24/1997,21 Park Meadow Way
Mommy,Jestico,mjestico9f@xinhuanet.com,Male,419 301 0691,10/28/1974,31 School Way
Ricky,Lorking,rlorking9g@google.com.au,Agender,986 566 2983,6/22/2004,58 Iowa Avenue
Eugenius,Duplan,eduplan9h@wix.com,Male,515 708 2739,12/9/1978,3804 Granby Avenue
Marius,MacConnechie,mmacconnechie9i@usatoday.com,Bigender,817 609 1403,8/30/1996,912 Artisan Crossing
Gunar,Kulicke,gkulicke9j@woothemes.com,Polygender,896 774 2553,6/2/1988,41 Oak Court
Odetta,Sposito,osposito9k@narod.ru,Non-binary,987 402 3439,7/2/2010,5 Moulton Way
Ellerey,Dumpleton,edumpleton9l@constantcontact.com,Bigender,492 972 2345,3/4/1992,27 Forest Trail
Everett,Bryett,ebryett9m@tamu.edu,Non-binary,663 271 3606,4/20/2009,383 Blue Bill Park Point
Grete,Larret,glarret9n@liveinternet.ru,Genderfluid,807 186 8223,1/9/2009,7149 Summit Hill
Randie,Hanmore,rhanmore9o@oracle.com,Genderfluid,778 921 8737,6/13/2007,0 Towne Park
Christina,Jiggle,cjiggle9p@imdb.com,Genderfluid,693 541 2182,7/1/1982,701 Badeau Park
Prudence,Scoyles,pscoyles9q@xinhuanet.com,Male,953 496 8077,9/23/1973,6005 Cascade Drive
Ellen,Staterfield,estaterfield9r@tinyurl.com,Non-binary,206 829 3035,10/12/1991,629 Del Sol Road
Melessa,Lascell,mlascell9s@bloglines.com,Non-binary,419 295 1193,11/6/1993,6 Shasta Terrace
Jyoti,McClory,jmcclory9t@moonfruit.com,Polygender,441 509 3462,8/1/1976,1 Jenna Terrace
Debby,Magog,dmagog9u@github.com,Male,662 113 1650,9/3/2005,260 Carioca Circle
Ellis,Valero,evalero9v@acquirethisname.com,Non-binary,204 459 0968,2/24/1974,0416 Mayer Place
Sheri,Bullocke,sbullocke9w@ycombinator.com,Genderqueer,295 675 7518,9/16/1988,095 Algoma Street
Saidee,Mayfield,smayfield9x@wsj.com,Male,303 395 0948,2/28/1994,61 Butterfield Court
Darline,Ripsher,dripsher9y@hugedomains.com,Male,526 905 7522,3/26/2013,18282 Crest Line Place
Ferris,Jozsika,fjozsika9z@biglobe.ne.jp,Agender,336 578 7013,11/3/1994,4751 Vahlen Alley
Ruperta,Marchent,rmarchenta0@com.com,Genderqueer,508 856 4721,2/7/1975,3825 Northport Parkway
Lynnet,Squibbes,lsquibbesa1@g.co,Genderfluid,213 903 3839,6/4/1979,6 Truax Park
Maximilian,Berthot,mberthota2@wiley.com,Polygender,922 563 0209,7/3/1982,28842 Heath Plaza
Salaidh,Lerigo,slerigoa3@examiner.com,Bigender,128 634 5027,8/3/1993,65381 Parkside Lane
Natty,Hallex,nhallexa4@pcworld.com,Female,506 847 3221,7/18/2007,2714 Eagan Plaza
Kirsteni,Drynan,kdrynana5@irs.gov,Male,983 466 4761,4/2/2003,6 Upham Avenue
Edgardo,Rebillard,erebillarda6@gizmodo.com,Agender,829 776 6836,12/11/1975,3 Express Way
Ursala,Handscombe,uhandscombea7@jiathis.com,Genderfluid,403 831 6571,8/16/1985,76 Towne Parkway
Nicola,Pherps,npherpsa8@gmpg.org,Polygender,683 915 4466,8/13/1992,71443 Quincy Hill
Drucie,Newens,dnewensa9@jugem.jp,Agender,193 506 4101,2/9/1986,1 Dawn Junction
Tallou,Mabbot,tmabbotaa@tumblr.com,Female,173 208 2426,10/25/2002,17993 Heffernan Junction
Jarret,Bushe,jbusheab@vistaprint.com,Genderfluid,740 996 9591,7/29/1974,3 Evergreen Hill
Yank,Longworthy,ylongworthyac@nytimes.com,Genderqueer,608 703 3923,4/2/1975,3108 Leroy Court
Bev,Sidlow,bsidlowad@technorati.com,Agender,715 642 7332,3/29/2012,13905 Shelley Terrace
Les,Gores,lgoresae@wix.com,Female,492 304 0113,6/28/2003,8 Amoth Way
Erena,Gilkison,egilkisonaf@hp.com,Non-binary,490 552 7437,10/13/1987,195 Merry Place
Jozef,Tilliard,jtilliardag@dot.gov,Agender,107 643 9533,10/29/1981,7 Bluejay Pass
Allard,Stooke,astookeah@twitpic.com,Female,873 823 9871,8/11/2009,6891 Elmside Plaza
Malia,Waight,mwaightai@wunderground.com,Male,291 807 4721,4/26/1988,97729 Westend Trail
Elka,Bodycomb,ebodycombaj@ucsd.edu,Bigender,738 665 0073,1/13/1987,744 Sutteridge Street
Ethelred,Beasant,ebeasantak@theguardian.com,Male,344 313 9939,1/30/1971,40 Merrick Road
Anita,Fairlaw,afairlawal@fastcompany.com,Genderfluid,425 934 0033,11/12/1993,59 Stone Corner Court
Domini,Piotrowski,dpiotrowskiam@livejournal.com,Genderqueer,213 908 0561,6/3/1989,86 Gerald Point
Sherrie,Verry,sverryan@twitter.com,Polygender,634 889 9356,12/21/2008,00508 Logan Lane
Michal,Izakof,mizakofao@fda.gov,Bigender,935 542 5014,9/1/1986,30491 Donald Place
Melisse,Tuting,mtutingap@shareasale.com,Non-binary,182 412 6694,7/29/1997,0 Tennessee Pass
Damara,MacCallester,dmaccallesteraq@desdev.cn,Genderfluid,108 875 1927,10/27/1971,0 Towne Terrace
Robers,Le Barre,rlebarrear@archive.org,Genderqueer,203 137 7728,9/17/2005,44 Trailsway Road
Gleda,Elan,gelanas@wufoo.com,Bigender,676 279 5741,2/1/2007,21 Dawn Street
Dari,Livermore,dlivermoreat@uol.com.br,Genderfluid,560 311 3531,11/18/2004,00 Main Street
Carmel,Lago,clagoau@plala.or.jp,Non-binary,258 390 8185,9/5/2014,8 Carpenter Junction
Tyne,Baselio,tbaselioav@gravatar.com,Male,442 641 2594,1/29/2011,40178 Mcguire Avenue
Una,Plues,upluesaw@netlog.com,Non-binary,948 460 5682,5/15/2007,065 Almo Hill
Gisela,Grestie,ggrestieax@zdnet.com,Male,141 423 1728,12/18/1990,597 Schiller Place
Isa,Lowings,ilowingsay@biglobe.ne.jp,Male,518 370 5090,7/8/1995,1 Jackson Park
Tiffanie,Edlyne,tedlyneaz@geocities.jp,Female,370 806 4650,11/22/1987,1532 2nd Avenue
Ailis,Simkins,asimkinsb0@t-online.de,Bigender,185 568 6274,11/27/1986,824 Beilfuss Point
Bryan,Ullock,bullockb1@furl.net,Bigender,695 754 2223,10/14/1982,4 Steensland Hill
Avril,Dunbabin,adunbabinb2@bbb.org,Non-binary,128 577 0648,10/6/1993,563 Saint Paul Center
Rosana,Velareal,rvelarealb3@utexas.edu,Bigender,368 732 2662,4/28/2014,96 Victoria Crossing
Jsandye,Sillars,jsillarsb4@springer.com,Non-binary,314 708 6779,12/15/2005,3095 Southridge Circle
Fulvia,Holborn,fholbornb5@tinypic.com,Bigender,694 513 5769,9/24/2004,4 Birchwood Street
Lyndell,Shurville,lshurvilleb6@vistaprint.com,Non-binary,775 552 3876,12/7/1983,0462 Dixon Trail
Hyatt,Weems,hweemsb7@mediafire.com,Agender,681 907 7879,4/11/1981,901 Holy Cross Place
Ade,Trownson,atrownsonb8@disqus.com,Polygender,742 713 8436,5/26/1988,4 Reinke Drive
Byrann,De Vere,bdevereb9@infoseek.co.jp,Genderfluid,559 313 0298,6/3/1988,8 Autumn Leaf Junction
Marline,Keighley,mkeighleyba@sciencedaily.com,Bigender,334 573 5138,5/16/1994,6 Sugar Circle
Dom,Britto,dbrittobb@youku.com,Female,797 449 2892,5/29/1995,4 Rigney Lane
Rochester,Hachard,rhachardbc@ucsd.edu,Non-binary,142 280 3739,1/28/2015,98 Superior Avenue
Deeann,Guslon,dguslonbd@bbb.org,Male,463 366 4235,5/6/2006,6773 Stephen Avenue
Jaye,Seebright,jseebrightbe@wikispaces.com,Non-binary,291 525 9766,7/24/2009,51 Manufacturers Place
Menard,Peatman,mpeatmanbf@homestead.com,Female,769 199 2724,2/3/1978,055 Fieldstone Trail
Andrea,Skacel,askacelbg@g.co,Non-binary,991 136 5300,7/10/1985,9 Oneill Drive
Perla,Grieveson,pgrievesonbh@twitter.com,Male,445 773 1467,8/10/2003,28787 Monterey Pass
Bunni,Brasted,bbrastedbi@ifeng.com,Genderqueer,534 660 5900,7/1/1996,7782 Sunbrook Way
Iggie,Britcher,ibritcherbj@desdev.cn,Agender,932 973 9625,5/9/1994,27663 Westport Road
Valdemar,Dwire,vdwirebk@reference.com,Polygender,982 637 9072,1/23/1997,3 Sutteridge Drive
Patrizio,Lassen,plassenbl@accuweather.com,Genderqueer,376 233 7384,10/8/2000,397 Sugar Park
Essie,Blumfield,eblumfieldbm@wikimedia.org,Agender,835 750 7580,6/2/2001,505 Tennyson Pass
Sergei,Hutchens,shutchensbn@utexas.edu,Agender,318 386 2322,6/28/2014,7522 Roth Circle
Johna,Domelow,jdomelowbo@usa.gov,Bigender,128 901 7811,10/27/1988,6566 Graedel Alley
Jeffie,Moorrud,jmoorrudbp@hud.gov,Agender,749 218 5478,3/18/2007,6897 Lotheville Crossing
Carena,Meeke,cmeekebq@amazon.co.uk,Female,200 847 3826,3/6/1973,05920 Armistice Parkway
Kelcie,Sleightholm,ksleightholmbr@msu.edu,Polygender,988 545 8624,5/30/2014,1 Elmside Plaza
Adi,Van Vuuren,avanvuurenbs@altervista.org,Male,865 325 0438,7/28/1984,995 Mesta Park
Minnie,Nisby,mnisbybt@dmoz.org,Bigender,454 350 3611,12/29/1986,82012 Grasskamp Street
Boot,Gyppes,bgyppesbu@nymag.com,Agender,898 862 0308,8/29/1983,9 Commercial Plaza
Adrianne,Wraggs,awraggsbv@example.com,Female,538 824 3192,2/9/2001,374 Lighthouse Bay Road
Jeremie,Jakobssen,jjakobssenbw@mysql.com,Agender,308 652 2352,5/20/1999,8490 Dapin Crossing
Cyrill,Fliege,cfliegebx@tripadvisor.com,Agender,162 214 4054,7/22/2006,09 Mallard Plaza
Corbie,Ivakhno,civakhnoby@statcounter.com,Genderfluid,355 176 7572,11/26/2012,8178 Ridgeway Way
Bobbi,Brevetor,bbrevetorbz@nps.gov,Genderfluid,244 270 1819,10/9/2004,820 High Crossing Avenue
Ricoriki,Connechie,rconnechiec0@timesonline.co.uk,Agender,387 217 4492,2/16/2011,4 Mosinee Hill
Lida,Henze,lhenzec1@unc.edu,Polygender,581 166 1100,6/14/2003,27693 Mccormick Trail
Lesley,Ratledge,lratledgec2@oakley.com,Male,382 523 7911,1/19/1989,4 Trailsway Hill
Kessia,Rivard,krivardc3@ycombinator.com,Genderqueer,243 862 5374,1/2/1991,793 Continental Court
Leann,Daldan,ldaldanc4@merriam-webster.com,Bigender,791 613 5889,3/16/2010,34113 Eastlawn Trail
Lacee,Avramovic,lavramovicc5@forbes.com,Female,589 305 7251,2/10/1991,99 Trailsway Junction
Adolpho,Bulfoy,abulfoyc6@bloglines.com,Polygender,990 613 4589,6/12/1975,69 Nobel Way
Quinlan,Seiter,qseiterc7@microsoft.com,Bigender,990 265 7394,2/6/1984,38 Cody Trail
Yul,Catley,ycatleyc8@house.gov,Agender,743 341 8184,1/4/1972,4 Nelson Plaza
Giusto,Antonsen,gantonsenc9@alibaba.com,Non-binary,328 654 2231,3/31/2012,6 6th Pass
Curcio,Cinavas,ccinavasca@cmu.edu,Bigender,585 835 1325,5/7/1971,083 Susan Center
Niccolo,Durnan,ndurnancb@github.io,Genderfluid,744 233 5628,8/30/1973,2 Ridge Oak Lane
Dorette,Dunbabin,ddunbabincc@un.org,Female,474 990 5061,5/5/1982,0371 Meadow Valley Hill
Lavena,Styant,lstyantcd@example.com,Female,777 454 3544,6/12/1991,909 Vidon Hill
Denys,Pert,dpertce@wix.com,Non-binary,420 395 0511,4/16/2007,66634 Orin Parkway
Farlee,Dewen,fdewencf@jugem.jp,Genderqueer,280 172 6958,8/29/2000,06641 Ruskin Lane
Charity,Mendes,cmendescg@ucsd.edu,Genderqueer,918 739 9752,6/2/1988,7665 Hoffman Avenue
Martyn,Woodruff,mwoodruffch@lulu.com,Genderqueer,190 944 2010,6/10/1992,5207 8th Avenue
Charleen,Hunday,chundayci@feedburner.com,Polygender,683 475 1821,2/19/1976,0281 Rutledge Plaza
Fonzie,Longmire,flongmirecj@etsy.com,Agender,234 358 2209,10/3/1997,215 Center Terrace
Gibbie,Fraser,gfraserck@arizona.edu,Bigender,902 142 7384,5/2/1993,99 Eastlawn Drive
Sibyl,Bathow,sbathowcl@goo.ne.jp,Genderqueer,545 410 7504,11/14/1987,081 Valley Edge Trail
Kinsley,Cramp,kcrampcm@cdc.gov,Female,253 736 0115,8/7/2005,768 Clemons Place
Uri,Erdes,uerdescn@cafepress.com,Male,804 314 2042,1/27/1984,0 Drewry Trail
Roger,Beeton,rbeetonco@nhs.uk,Polygender,516 606 3056,9/12/1999,989 Morrow Alley
Melody,Goomes,mgoomescp@sina.com.cn,Agender,297 244 7691,11/28/1982,8 Graedel Junction
Annaliese,Dinnington,adinningtoncq@chron.com,Genderfluid,276 431 1820,12/17/2011,5 Caliangt Hill
Claresta,Suttell,csuttellcr@wikipedia.org,Genderqueer,812 209 8483,6/25/1993,4532 Pennsylvania Road
Guglielma,Slesser,gslessercs@slideshare.net,Female,793 591 4784,3/22/1972,1289 Dunning Avenue
Gerti,Arnoult,garnoultct@google.com.br,Male,260 437 7912,4/12/2015,78020 Harper Park
Sawyer,Swinn,sswinncu@sohu.com,Bigender,570 752 1690,5/19/1977,377 Oriole Park
Angie,Lathwell,alathwellcv@cocolog-nifty.com,Polygender,282 830 4077,6/29/2013,9136 Corry Street
Velvet,Cramphorn,vcramphorncw@wikipedia.org,Genderfluid,874 581 6727,8/7/1996,0356 Dryden Plaza
Danya,Mosedill,dmosedillcx@seattletimes.com,Agender,239 700 8090,7/29/1971,65 Schlimgen Junction
Jaine,Dennett,jdennettcy@wisc.edu,Female,121 317 7370,3/8/1997,46939 Coolidge Place
Gloriana,Sporton,gsportoncz@uol.com.br,Genderqueer,128 520 4437,10/18/1986,608 Dawn Plaza
Solly,Wakelam,swakelamd0@examiner.com,Agender,814 493 0461,11/29/2011,5656 Vidon Crossing
Lilah,Dobsons,ldobsonsd1@foxnews.com,Non-binary,699 500 2691,11/15/2000,69074 Karstens Crossing
Jillene,Matten,jmattend2@pcworld.com,Agender,186 959 6976,8/5/2000,5 Welch Road
Saundra,Gillooly,sgilloolyd3@ucoz.com,Male,921 888 5946,7/18/1987,010 Mccormick Trail
Nicolette,Prandini,nprandinid4@homestead.com,Genderfluid,621 223 2616,6/24/1979,8284 Spohn Road
Perrine,Grodden,pgroddend5@hao123.com,Female,457 181 9456,4/26/2010,2 3rd Drive
Clovis,Bartels-Ellis,cbartelsellisd6@jugem.jp,Non-binary,628 375 2189,11/23/1976,94698 Redwing Road
Delaney,Bletcher,dbletcherd7@webeden.co.uk,Agender,719 456 1334,1/5/2009,543 Reinke Terrace
Enrika,Mompesson,emompessond8@salon.com,Genderfluid,838 695 8668,3/22/1995,02 Derek Street
Scotty,Mitkov,smitkovd9@ask.com,Bigender,680 956 5450,11/10/1975,64 Judy Hill
Stepha,Perrycost,sperrycostda@acquirethisname.com,Polygender,489 666 1417,11/27/1973,9 Center Alley
Sholom,Ewence,sewencedb@yahoo.com,Female,699 103 8103,7/18/1999,92404 Mallory Lane
Fin,Eickhoff,feickhoffdc@tripod.com,Polygender,707 570 3567,1/7/1985,89771 Nova Way
Freedman,Dyhouse,fdyhousedd@nba.com,Bigender,779 485 7296,2/6/1992,965 Cherokee Place
Dorris,Farington,dfaringtonde@whitehouse.gov,Non-binary,649 761 8965,9/4/1977,361 Wayridge Park
Harvey,Semmence,hsemmencedf@uol.com.br,Bigender,286 229 0815,2/23/1976,45479 Declaration Road
Lindie,Wheldon,lwheldondg@friendfeed.com,Agender,643 878 1562,10/10/1987,7 Corscot Court
Norrie,Francello,nfrancellodh@histats.com,Genderqueer,998 802 9653,5/18/1994,89601 Ramsey Court
Debi,Thorius,dthoriusdi@wisc.edu,Genderqueer,637 957 3934,1/2/2015,476 Golf Course Alley
Aurore,Caple,acapledj@google.cn,Genderqueer,379 669 1014,1/31/1987,032 Kensington Way
Fidel,Mcall,fmcalldk@usatoday.com,Non-binary,181 857 0823,1/5/1975,57406 Butternut Lane
Riccardo,O Fergus,rofergusdl@smugmug.com,Female,683 476 5263,4/10/1973,775 Jana Center
Brigitta,Lucken,bluckendm@nymag.com,Agender,506 481 6397,11/3/1982,27 Esch Avenue
Shina,Drake,sdrakedn@networksolutions.com,Polygender,285 982 2884,8/26/2002,253 Riverside Court
Gus,Fairey,gfaireydo@gnu.org,Polygender,723 381 9268,10/18/1983,49270 Lerdahl Court
Pepe,Waker,pwakerdp@friendfeed.com,Bigender,801 286 3520,11/3/1987,196 Warrior Crossing
Sam,Moody,smoodydq@addthis.com,Male,884 624 7535,10/31/2009,73 Pleasure Plaza
Packston,Fraser,pfraserdr@tinypic.com,Bigender,752 661 2513,9/10/1998,2352 Green Parkway
Gardener,Clother,gclotherds@sphinn.com,Genderqueer,263 893 4461,3/13/2002,2607 Mendota Street
Jan,Shapera,jshaperadt@prweb.com,Bigender,364 803 4866,4/17/2003,5933 Moose Center
Bo,Scrafton,bscraftondu@constantcontact.com,Polygender,626 810 8542,7/5/2005,571 Emmet Crossing
Marlena,Wrennall,mwrennalldv@youtu.be,Polygender,282 127 7525,5/20/1986,8 Graceland Center
Rosalia,Delmage,rdelmagedw@vimeo.com,Genderqueer,213 503 0136,6/18/1985,2584 Dryden Terrace
Letisha,Heatlie,lheatliedx@tamu.edu,Agender,433 738 1889,3/20/2000,2 Fremont Lane
Thorvald,Neeve,tneevedy@mapquest.com,Bigender,900 653 7537,12/19/1981,6143 Onsgard Road
Alessandro,Aickin,aaickindz@bloglines.com,Non-binary,598 452 2069,6/28/2004,1 Mockingbird Trail
Orazio,Routley,oroutleye0@clickbank.net,Genderfluid,484 357 5292,2/25/1986,0649 Forest Run Junction
Queenie,Gaitskell,qgaitskelle1@xing.com,Genderqueer,324 287 7194,4/20/2012,72204 Cottonwood Point
Pip,Grouer,pgrouere2@comcast.net,Bigender,320 133 5539,7/12/1990,1 Cherokee Street
Benedikta,Beldon,bbeldone3@mashable.com,Agender,284 845 7409,1/13/1992,0363 Carioca Lane
Giustino,Brandt,gbrandte4@twitter.com,Bigender,162 648 9345,8/20/2011,4786 Fallview Lane
Madelin,Wadeling,mwadelinge5@seattletimes.com,Genderqueer,799 106 9503,10/10/1981,27 Swallow Trail
Selestina,Petrou,spetroue6@miibeian.gov.cn,Genderqueer,148 941 7293,3/18/2006,02 Summerview Place
Marjorie,Tommaseo,mtommaseoe7@ning.com,Non-binary,594 516 7715,1/12/1986,4 Cascade Park
Leland,Fosberry,lfosberrye8@fotki.com,Female,955 853 1338,6/8/1984,1 Stoughton Road
Talyah,Westman,twestmane9@salon.com,Male,168 888 3184,9/2/1990,497 Bluejay Lane
Carrissa,Matyushenko,cmatyushenkoea@nyu.edu,Genderqueer,469 409 3752,11/26/1992,83826 Loftsgordon Trail
Madeleine,Schutte,mschutteeb@networkadvertising.org,Polygender,884 615 8543,5/10/2006,6 Larry Drive
Lon,Pattenden,lpattendenec@odnoklassniki.ru,Genderqueer,485 965 2157,1/30/1974,0 Stone Corner Plaza
Killy,Smales,ksmalesed@gnu.org,Male,176 686 3165,7/14/1971,666 Havey Court
Kalil,Vlies,kvliesee@google.nl,Bigender,932 661 3581,1/8/2004,05034 Debs Park
Parker,Limb,plimbef@deliciousdays.com,Bigender,611 477 0390,1/19/2012,86 Meadow Valley Point
Kenton,Balderson,kbaldersoneg@fda.gov,Polygender,195 564 8058,4/3/1982,18 Springs Way
Glenn,Patnelli,gpatnellieh@shinystat.com,Female,595 737 5180,4/20/2006,0 Fallview Terrace
Donny,Kaser,dkaserei@meetup.com,Polygender,777 140 1894,10/9/1998,348 5th Hill
Denis,Plumer,dplumerej@blinklist.com,Female,486 389 9631,10/24/2005,9490 Little Fleur Street
Ailee,Belcher,abelcherek@virginia.edu,Bigender,447 555 9847,3/31/1987,7 Kingsford Terrace
Melli,Petegree,mpetegreeel@photobucket.com,Non-binary,520 189 0520,11/28/1990,816 Sauthoff Park
Marice,Gillis,mgillisem@devhub.com,Bigender,431 555 2664,12/12/1984,39 Bayside Junction
Eden,Bonifant,ebonifanten@homestead.com,Genderqueer,948 542 1359,1/26/1994,42449 Crest Line Center
Hillary,Byfield,hbyfieldeo@skype.com,Male,571 683 7911,6/6/1976,60 Jenna Center
Lonni,Camidge,lcamidgeep@pagesperso-orange.fr,Polygender,274 667 8194,2/20/1989,3708 Fuller Hill
Margaretta,Hill,mhilleq@abc.net.au,Non-binary,400 103 3929,7/28/2009,01752 Veith Pass
Curcio,Pawlata,cpawlataer@blogspot.com,Agender,624 313 3904,4/26/2015,6 Pine View Center
Vivian,Moff,vmoffes@samsung.com,Genderqueer,321 278 1567,4/1/1988,78251 Maple Pass
Arleta,Triggs,atriggset@hc360.com,Male,840 409 0040,6/16/2008,46274 Debs Street
Siana,O Corhane,socorhaneeu@elegantthemes.com,Genderfluid,657 860 0172,4/6/1972,73770 Brown Alley
Elisabetta,Winney,ewinneyev@gravatar.com,Bigender,208 636 7643,12/26/1995,0 Dwight Terrace
Torrey,Adacot,tadacotew@icio.us,Male,671 464 1690,4/10/1972,21499 Rutledge Junction
Meade,Ghidoli,mghidoliex@posterous.com,Female,384 911 3711,7/12/1998,23151 Jana Hill
Roderic,Gutherson,rguthersoney@globo.com,Male,121 716 4829,7/27/1999,5565 Darwin Court
Natty,Gaddesby,ngaddesbyez@dion.ne.jp,Female,656 458 0563,7/23/2011,2353 High Crossing Crossing
Ivett,Debney,idebneyf0@irs.gov,Polygender,146 762 0698,11/16/1998,0971 Sheridan Road
Lawton,Perigeaux,lperigeauxf1@linkedin.com,Male,599 389 5949,5/19/2005,736 Stang Drive
Husain,Turmel,hturmelf2@hubpages.com,Bigender,866 394 0374,10/6/2003,6012 Redwing Alley
Tiebout,Whye,twhyef3@jalbum.net,Polygender,440 845 7037,11/29/1983,2123 Village Alley
Rica,Rickertsen,rrickertsenf4@disqus.com,Polygender,685 647 7477,9/25/1972,7 New Castle Plaza
Henrietta,Rawsthorne,hrawsthornef5@topsy.com,Male,113 201 4376,8/21/2005,817 Iowa Pass
Shelden,Huish,shuishf6@nymag.com,Bigender,361 639 6139,10/23/1993,5 Stuart Trail
Aila,Ledbury,aledburyf7@1und1.de,Agender,629 958 2332,11/9/1976,99 Lakewood Gardens Circle
Zerk,Brumbie,zbrumbief8@cafepress.com,Agender,433 815 1709,8/7/1987,90227 Sachs Center
May,Denkel,mdenkelf9@typepad.com,Agender,793 576 0988,12/13/1990,92 Corscot Plaza
Garth,Kirkland,gkirklandfa@wsj.com,Male,160 869 6816,1/4/2001,62179 Erie Place
Alley,Stoeckle,astoecklefb@360.cn,Male,909 550 1670,1/21/2004,02 Victoria Street
Lindy,Hills,lhillsfc@addthis.com,Female,118 314 2879,2/6/1992,29781 Vermont Place
Berni,Burndred,bburndredfd@ovh.net,Non-binary,704 444 2170,2/7/1973,38909 Manufacturers Trail
Lebbie,Akroyd,lakroydfe@wunderground.com,Polygender,195 538 8459,7/12/2008,88466 Portage Road
Otis,Vasilchikov,ovasilchikovff@businessinsider.com,Agender,868 345 6715,5/24/1997,2 Huxley Crossing
Garald,Passion,gpassionfg@nymag.com,Male,486 559 0849,4/6/1996,4 Carey Hill
Perkin,Kitchingman,pkitchingmanfh@pen.io,Agender,353 213 9179,11/18/1989,1600 Nancy Lane
Staford,Di Frisco,sdifriscofi@pagesperso-orange.fr,Bigender,451 463 0245,2/15/2006,5 Sutherland Plaza
Kirstin,Linacre,klinacrefj@over-blog.com,Bigender,389 993 4491,7/10/1993,7 Division Parkway
Eduardo,Coppo,ecoppofk@issuu.com,Female,417 902 9302,8/10/1974,72 Dayton Circle
Alexio,Keble,akeblefl@nifty.com,Non-binary,290 671 3753,12/6/1987,55 Straubel Plaza
Rosene,Umbert,rumbertfm@eepurl.com,Non-binary,381 279 9138,8/26/1997,03 Clarendon Point
Worthington,Arbuckle,warbucklefn@umich.edu,Genderfluid,683 820 0097,10/29/2006,68 East Pass
Alexandr,Erangey,aerangeyfo@columbia.edu,Non-binary,300 250 5701,6/9/2015,29965 Merchant Plaza
Gipsy,Stubbert,gstubbertfp@bloglines.com,Agender,587 343 6394,7/10/1981,6881 Bunker Hill Center
Del,Pashler,dpashlerfq@taobao.com,Female,627 163 0947,12/15/2012,871 Monica Avenue
Lidia,Malham,lmalhamfr@facebook.com,Female,715 712 3778,7/24/1992,69972 Florence Terrace
Dave,Kleewein,dkleeweinfs@seattletimes.com,Female,158 919 4138,9/28/2010,5195 Brown Place
Jule,Perree,jperreeft@php.net,Polygender,728 504 0764,12/21/1985,25 Becker Junction
Emelda,Hurkett,ehurkettfu@prlog.org,Genderfluid,956 193 0064,1/1/2000,58664 Schiller Lane
Alicia,Giovanardi,agiovanardifv@vinaora.com,Bigender,799 162 1213,7/31/1987,33348 Northport Parkway
Cull,Primmer,cprimmerfw@army.mil,Female,996 536 3872,12/2/1982,75142 Hudson Terrace
Juieta,Cushe,jcushefx@yellowpages.com,Male,611 616 1214,8/27/2000,06 Ronald Regan Road
Clemente,Gepp,cgeppfy@domainmarket.com,Female,525 766 7709,9/22/2009,240 Cherokee Circle
Lurette,Fiddeman,lfiddemanfz@oakley.com,Genderqueer,103 150 2682,4/26/2014,26 Pleasure Trail
Iormina,Skones,iskonesg0@washingtonpost.com,Non-binary,853 510 1711,9/10/2002,29 High Crossing Alley
Lancelot,Dunkerley,ldunkerleyg1@ovh.net,Non-binary,727 855 5468,8/7/1971,36984 Merrick Terrace
Olenolin,Lippingwell,olippingwellg2@bigcartel.com,Polygender,413 865 4755,2/15/2002,1 Farragut Drive
Latrina,Kobierzycki,lkobierzyckig3@discuz.net,Female,619 208 0108,7/18/1992,149 Larry Way
Gussi,Westfalen,gwestfaleng4@angelfire.com,Bigender,165 174 9164,2/27/1985,3 Sloan Road
Wendel,Ransley,wransleyg5@spiegel.de,Male,867 530 1201,6/29/2014,24222 Debra Circle
Brade,Tommen,btommeng6@sitemeter.com,Female,954 700 2686,11/14/1986,920 Magdeline Pass
Akim,Cakes,acakesg7@webeden.co.uk,Male,392 302 7400,1/17/2009,0 Columbus Terrace
Brewer,Keinrat,bkeinratg8@weather.com,Non-binary,572 969 7515,3/8/1999,253 Autumn Leaf Plaza
Che,Hutchinson,chutchinsong9@businessweek.com,Genderqueer,786 505 0426,10/11/2007,167 Blackbird Alley
Tanhya,Panas,tpanasga@admin.ch,Non-binary,164 539 3914,8/30/2002,588 Goodland Place
Carlina,Glasscoo,cglasscoogb@ucoz.ru,Bigender,653 198 9810,12/8/1996,84 Lyons Place
Raynor,Ainslie,rainsliegc@latimes.com,Bigender,832 435 6765,5/8/1989,67452 Bunker Hill Street
Armstrong,Gay,agaygd@cbsnews.com,Non-binary,411 441 1820,8/22/1974,3 Mandrake Street
Rory,Greber,rgreberge@nytimes.com,Female,261 870 0166,12/17/1992,0 North Alley
Skippie,Josipovitz,sjosipovitzgf@latimes.com,Agender,960 740 7410,4/10/1983,70522 Washington Trail
Jared,Du Barry,jdubarrygg@scientificamerican.com,Male,547 332 5582,10/22/1974,8 Hayes Trail
Rheta,Size,rsizegh@who.int,Agender,300 549 9043,4/26/1973,60119 Sutteridge Place
Beverley,Boick,bboickgi@g.co,Non-binary,731 957 8367,11/28/1986,7 Hanover Pass
Shoshanna,Mitkov,smitkovgj@sbwire.com,Genderqueer,769 502 9986,11/11/1981,53697 Loftsgordon Hill
Anastasia,Chansonnau,achansonnaugk@twitter.com,Female,354 975 1697,1/5/2002,2 Alpine Plaza
Lawton,Guidotti,lguidottigl@dedecms.com,Male,179 537 1676,4/11/2010,766 Johnson Way
Mitchell,Esslement,messlementgm@about.com,Genderqueer,385 789 9963,8/9/1990,15 3rd Alley
Rebekah,Gervaise,rgervaisegn@harvard.edu,Genderfluid,889 534 9908,11/20/2014,4573 Stang Junction
Archibald,Palmby,apalmbygo@microsoft.com,Genderfluid,312 963 9960,12/6/2000,6309 Eliot Trail
Hamel,Kitto,hkittogp@sakura.ne.jp,Non-binary,184 914 8838,8/24/2005,14077 Lotheville Trail
Stillman,Frankiewicz,sfrankiewiczgq@noaa.gov,Non-binary,540 897 5507,5/21/1983,73285 Hintze Plaza
Rodd,Manicom,rmanicomgr@bigcartel.com,Non-binary,683 735 7824,1/17/1995,44 Maryland Way
Ashbey,Lovell,alovellgs@booking.com,Male,143 411 1437,1/8/2007,4 Talmadge Drive
Leigh,Dobrowolny,ldobrowolnygt@wired.com,Genderfluid,528 850 9647,7/4/1998,29 Green Road
Jayme,Mengue,jmenguegu@google.fr,Female,546 140 6002,3/30/1989,820 Kim Junction
Bernardine,Buckel,bbuckelgv@guardian.co.uk,Non-binary,190 365 2884,6/30/2015,14 Haas Crossing
Tab,Pardal,tpardalgw@engadget.com,Genderqueer,238 530 4154,10/8/1983,664 Warbler Place
Monica,Reah,mreahgx@accuweather.com,Genderfluid,260 650 8899,7/26/1985,0397 International Drive
Minor,Sherme,mshermegy@virginia.edu,Non-binary,785 795 4997,7/12/1977,06 Dakota Circle
Ernestus,Playdon,eplaydongz@sina.com.cn,Agender,112 823 4767,11/25/2012,94238 Pepper Wood Court
Jo-ann,Latan,jlatanh0@issuu.com,Male,896 558 7965,5/9/1998,41467 South Plaza
Dulcea,Dacey,ddaceyh1@pen.io,Bigender,363 934 4223,7/13/1976,79566 Sugar Point
Lorenza,Dumbrall,ldumbrallh2@elegantthemes.com,Genderqueer,879 666 1560,4/5/2000,3978 Crownhardt Trail
Penni,Cassels,pcasselsh3@wired.com,Non-binary,787 844 7871,6/24/2004,93 Sheridan Pass
Hephzibah,Bruntjen,hbruntjenh4@comcast.net,Genderfluid,219 666 3820,5/22/2000,25038 Del Sol Road
Darren,Bennoe,dbennoeh5@usatoday.com,Genderqueer,757 762 6200,3/14/1982,70 Westport Hill
Becca,Longmaid,blongmaidh6@tinyurl.com,Polygender,137 565 8466,9/28/2006,18582 Rockefeller Parkway
Rayna,Percifull,rpercifullh7@newyorker.com,Genderfluid,378 342 2381,5/2/1984,1156 Kenwood Road
Kain,Hortop,khortoph8@skyrock.com,Bigender,738 427 4126,11/16/1971,506 Gerald Road
Kordula,Nickolls,knickollsh9@google.com,Agender,799 574 5451,5/4/2008,5 Sycamore Crossing
Leela,Di Giacomo,ldigiacomoha@multiply.com,Female,831 305 5189,4/28/2000,40 Melody Terrace
Elisabetta,Mullett,emulletthb@tripod.com,Agender,478 277 8689,2/14/1976,121 Talmadge Avenue
Alex,Gwyllt,agwyllthc@aol.com,Female,283 445 0699,11/9/2015,20 Shopko Crossing
Mareah,Brummell,mbrummellhd@chron.com,Female,233 767 9556,7/5/2007,9634 Tomscot Pass
Greg,Nother,gnotherhe@cbsnews.com,Genderqueer,895 722 8415,12/7/1985,269 Homewood Plaza
Kendrick,Eddies,keddieshf@google.co.jp,Female,646 909 7903,2/25/2010,67351 Tennyson Park
Mitchel,Poyser,mpoyserhg@twitpic.com,Polygender,829 645 6194,10/28/1991,0091 Lien Crossing
Algernon,Ghilks,aghilkshh@123-reg.co.uk,Genderfluid,995 101 5344,5/17/2005,37834 Alpine Alley
Trish,Twelves,ttwelveshi@plala.or.jp,Genderqueer,689 396 5911,10/11/1984,19410 Maryland Crossing
Clay,Le Breton,clebretonhj@ed.gov,Genderfluid,679 573 6195,12/8/2006,1437 Burrows Point
Sanford,Deackes,sdeackeshk@nbcnews.com,Non-binary,939 335 6703,7/31/2002,1 Eggendart Point
Alidia,Donaho,adonahohl@sciencedirect.com,Female,435 282 7487,12/10/1995,274 Bowman Circle
Aluino,Maffiotti,amaffiottihm@newyorker.com,Agender,983 841 4440,1/9/1972,9 Heath Lane
Erda,Defont,edefonthn@ebay.com,Agender,967 786 9053,4/11/1995,82837 Stuart Center
Parry,Axston,paxstonho@liveinternet.ru,Genderqueer,522 142 5859,10/19/1982,92135 Ramsey Place
Bancroft,Steely,bsteelyhp@hubpages.com,Non-binary,836 821 1811,4/25/2014,4760 Amoth Hill
Emilia,Gallandre,egallandrehq@ebay.co.uk,Non-binary,584 343 9966,5/2/1993,306 Redwing Street
Almira,Brasner,abrasnerhr@google.com,Genderfluid,771 550 3845,10/25/2012,436 Cascade Alley
Ileana,Collick,icollickhs@smh.com.au,Bigender,254 978 8631,8/9/1983,8 Loftsgordon Park
Avery,Taggert,ataggertht@webeden.co.uk,Polygender,781 889 5661,9/28/2011,560 Dottie Avenue
Prudence,Bielfeld,pbielfeldhu@addtoany.com,Genderfluid,506 651 9051,12/31/2012,11758 Monument Parkway
Reggie,Lucey,rluceyhv@gmpg.org,Bigender,617 443 5080,6/30/1974,2045 Toban Court
Bernardine,Weildish,bweildishhw@usa.gov,Genderfluid,938 141 7531,10/24/2004,0 Mayfield Trail
Georgette,Millberg,gmillberghx@reverbnation.com,Genderqueer,249 276 0323,3/11/1994,061 Lakeland Pass
Cordy,Cream,ccreamhy@icio.us,Non-binary,289 290 4471,12/12/1986,8393 Corscot Way
Abigael,Turfes,aturfeshz@usnews.com,Genderfluid,722 242 0359,6/20/1989,3339 Ramsey Parkway
Adan,Gillooly,agilloolyi0@jugem.jp,Polygender,614 669 8669,3/18/1997,69 Hanover Drive
Marya,Le Marquis,mlemarquisi1@youtube.com,Bigender,624 640 6432,7/6/1999,782 Farwell Circle
Jessie,Brasseur,jbrasseuri2@usgs.gov,Bigender,597 120 0189,2/25/2014,29 Parkside Parkway
Conrade,Bramwell,cbramwelli3@unc.edu,Male,887 634 9256,2/10/2000,4961 Marcy Plaza
Douglass,Vanini,dvaninii4@acquirethisname.com,Bigender,962 586 0277,10/12/2011,5 Melvin Hill
Athena,Cockarill,acockarilli5@washingtonpost.com,Genderqueer,973 292 2214,10/10/1971,009 Drewry Alley
Nanine,McCathy,nmccathyi6@so-net.ne.jp,Genderfluid,224 285 7780,9/27/2012,71262 John Wall Hill
Sherie,Dell,sdelli7@wikispaces.com,Genderqueer,718 404 9119,1/30/2012,0143 Transport Crossing
Robyn,Aldie,raldiei8@statcounter.com,Genderqueer,328 961 4399,3/28/1996,7 Del Sol Parkway
Gibb,Leggott,gleggotti9@army.mil,Genderqueer,687 661 9812,8/27/1990,75 Crescent Oaks Plaza
Karlotta,Habert,khabertia@etsy.com,Bigender,324 348 6367,1/27/1979,9 Glendale Avenue
Randie,Hilliam,rhilliamib@artisteer.com,Genderqueer,403 411 5419,9/1/1996,4 Washington Point
Eugen,Kealey,ekealeyic@netvibes.com,Genderqueer,418 789 8578,1/28/1986,7304 Oneill Park
Laurice,Pitblado,lpitbladoid@w3.org,Bigender,928 975 3124,12/1/1984,7446 Amoth Junction
Alix,Byforth,abyforthie@google.it,Bigender,550 938 7064,9/27/1982,33 Milwaukee Point
Madel,Heisham,mheishamif@istockphoto.com,Bigender,913 606 5708,6/2/1994,7580 Canary Pass
Gnni,Waud,gwaudig@nsw.gov.au,Genderfluid,757 308 5720,12/26/1996,3 Maple Way
Xever,Gotliffe,xgotliffeih@dailymotion.com,Polygender,429 745 4368,12/7/1986,69 Center Street
Judah,Matys,jmatysii@behance.net,Female,727 688 8860,5/21/2008,240 Holmberg Circle
Derrek,Mebius,dmebiusij@bravesites.com,Non-binary,726 929 1575,9/21/1985,3328 Butternut Road
Even,Ochterlony,eochterlonyik@woothemes.com,Male,369 612 1777,4/1/1993,0041 Moland Junction
Laurice,Rodge,lrodgeil@1688.com,Male,941 239 3133,8/12/1992,2363 Haas Park
Riobard,Coey,rcoeyim@uol.com.br,Male,658 979 7776,5/30/1978,9651 Mandrake Road
Cathy,Landrick,clandrickin@imageshack.us,Polygender,309 856 4477,7/25/1991,4 Jana Terrace
Renae,Stuehmeier,rstuehmeierio@uol.com.br,Genderfluid,967 354 6551,12/14/2005,4724 Talmadge Plaza
Arv,Shobbrook,ashobbrookip@unc.edu,Bigender,169 266 5444,6/29/1982,2885 Fordem Court
Walsh,Raddon,wraddoniq@indiegogo.com,Genderqueer,470 699 4271,7/23/1978,0140 Fulton Road
Tobit,Deekes,tdeekesir@jimdo.com,Genderfluid,923 104 2428,4/17/2001,019 Aberg Park
Reine,Rabbatts,rrabbattsis@cpanel.net,Agender,403 187 4710,2/27/2009,138 Oriole Avenue
Alphonse,Mapham,amaphamit@sfgate.com,Agender,532 455 2283,5/22/1995,350 Marquette Drive
Fanechka,Pedracci,fpedracciiu@spotify.com,Male,578 436 2668,5/1/1990,9 Crownhardt Parkway
Roland,Bank,rbankiv@twitpic.com,Genderqueer,786 521 0587,3/7/2015,1391 Holy Cross Court
Hewett,Carlozzi,hcarlozziiw@unicef.org,Non-binary,249 220 7891,11/7/2005,26 Schurz Plaza
Gerianne,Kear,gkearix@theglobeandmail.com,Genderqueer,980 636 0752,7/7/2013,21178 Surrey Junction
Ansell,Lautie,alautieiy@mit.edu,Genderqueer,248 192 6912,4/10/2012,07024 Rowland Circle
Farlie,Harkin,fharkiniz@ftc.gov,Genderfluid,721 920 4037,11/14/2001,7116 Sage Trail
Malva,Splaven,msplavenj0@jimdo.com,Agender,393 471 8542,3/31/1977,8468 Pine View Street
Farah,Gallamore,fgallamorej1@berkeley.edu,Agender,407 204 2018,5/1/1981,5442 Eliot Circle
Lissy,Elman,lelmanj2@mashable.com,Polygender,298 475 5890,7/16/2004,1 Ridge Oak Center
Harcourt,Linay,hlinayj3@youtube.com,Non-binary,914 356 5323,3/30/2004,988 Prairieview Court
Louella,Lanchbery,llanchberyj4@slideshare.net,Female,233 787 2952,7/29/2010,8359 Alpine Pass
Loren,Lording,llordingj5@etsy.com,Male,573 100 8995,7/23/1983,052 Michigan Crossing
Debor,Lindemann,dlindemannj6@youtube.com,Female,278 209 9911,10/2/2001,83 Dixon Trail
Hurley,Sellick,hsellickj7@spiegel.de,Bigender,927 999 1563,8/6/2006,0775 Grayhawk Road
Star,Piccop,spiccopj8@google.it,Female,856 180 9782,6/13/1971,32130 Sutteridge Court
Betteanne,Please,bpleasej9@smh.com.au,Male,207 924 4577,1/28/2007,3 Delladonna Trail
Markos,Aery,maeryja@google.ca,Polygender,693 813 6193,5/26/1989,6770 Union Parkway
Jarred,Barnsdall,jbarnsdalljb@illinois.edu,Female,788 495 7116,12/16/1993,1 Del Sol Street
Hercules,Whimpenny,hwhimpennyjc@msn.com,Male,691 755 9671,3/28/1984,54673 Bunting Terrace
Oralie,Vassay,ovassayjd@tinyurl.com,Non-binary,283 287 6905,2/2/1984,5411 Helena Parkway
Coralyn,Smy,csmyje@npr.org,Male,413 551 0053,9/24/1986,134 Maple Wood Point
Nicola,Shackelton,nshackeltonjf@bloglovin.com,Non-binary,885 635 0216,10/9/2015,525 Grim Terrace
Caryl,Brognot,cbrognotjg@kickstarter.com,Polygender,695 701 4787,1/4/2008,70953 Goodland Point
Delbert,Brownjohn,dbrownjohnjh@netvibes.com,Non-binary,631 720 1538,8/12/1988,35657 Monument Hill
Nanni,Megahey,nmegaheyji@msu.edu,Bigender,421 246 8698,11/13/1974,04 Farwell Lane
Brynn,Snasel,bsnaseljj@bloomberg.com,Non-binary,340 211 1584,7/31/1985,41027 John Wall Drive
Jodi,Stancliffe,jstancliffejk@tinyurl.com,Female,969 755 5885,7/20/1998,84 Glendale Alley
Hetty,Haberfield,hhaberfieldjl@mtv.com,Genderfluid,446 107 4186,8/1/2010,2 Scott Circle
Alyosha,Richfield,arichfieldjm@fastcompany.com,Male,760 691 1510,2/4/2010,27734 Jenna Plaza
Anderson,Wheeldon,awheeldonjn@sakura.ne.jp,Genderfluid,331 417 1388,12/8/1991,22 Loomis Avenue
Barn,Ely,belyjo@simplemachines.org,Genderqueer,619 152 7891,1/7/2012,53 Green Ridge Point
Gaile,Hannan,ghannanjp@blogspot.com,Genderqueer,662 754 5004,8/28/1981,66282 4th Junction
Kettie,Grimsley,kgrimsleyjq@moonfruit.com,Bigender,672 403 1117,3/1/2005,546 Burrows Court
Bethena,Klimecki,bklimeckijr@tamu.edu,Female,265 677 1203,11/19/1984,6 Di Loreto Avenue
Derward,Paslow,dpaslowjs@yale.edu,Bigender,130 767 0532,3/1/2008,46551 Bashford Avenue
Barbabas,Dyde,bdydejt@reuters.com,Bigender,407 825 3266,6/20/1994,6 Dapin Alley
Lorenzo,Cescoti,lcescotiju@nih.gov,Agender,773 472 4210,2/14/2005,80 Dunning Trail
Jacynth,Theyer,jtheyerjv@paginegialle.it,Agender,792 634 1095,7/24/2015,08002 Fieldstone Road
Maxie,Tilbey,mtilbeyjw@techcrunch.com,Male,995 986 2042,2/28/1987,9671 Arkansas Park
Marji,Stonehouse,mstonehousejx@admin.ch,Male,282 583 4782,7/1/2003,49606 Spaight Park
Lise,Richardes,lrichardesjy@barnesandnoble.com,Polygender,156 646 3552,5/7/1988,50975 Pankratz Point
Griffy,Crompton,gcromptonjz@salon.com,Bigender,799 539 3387,8/24/1976,2097 Kings Parkway
Gerek,Mollnar,gmollnark0@yolasite.com,Genderfluid,511 298 5294,8/29/1990,190 Wayridge Park
Malina,Figgures,mfigguresk1@t.co,Genderfluid,483 797 5262,11/23/2013,78452 Ludington Crossing
Myer,Cragg,mcraggk2@scientificamerican.com,Bigender,492 890 1018,5/17/1999,3642 Kinsman Avenue
Jemimah,Edsell,jedsellk3@huffingtonpost.com,Male,996 988 7409,10/6/1988,8582 Toban Pass
Pammy,Varah,pvarahk4@paginegialle.it,Bigender,940 898 8066,5/4/1998,1 Mesta Way
Tadeas,Grundle,tgrundlek5@constantcontact.com,Polygender,198 497 2226,12/30/2007,3 Browning Junction
Tim,Galliard,tgalliardk6@usatoday.com,Female,697 339 2093,1/18/1980,3460 Manitowish Parkway
Erika,Byne,ebynek7@forbes.com,Polygender,428 985 8445,3/18/2002,155 Milwaukee Plaza
Amanda,Buttress,abuttressk8@nhs.uk,Male,710 279 8951,4/16/2000,1 Troy Circle
Tersina,Gook,tgookk9@dion.ne.jp,Female,345 584 8893,10/20/2002,78585 Lotheville Road
Ursala,Whitely,uwhitelyka@nytimes.com,Genderfluid,213 687 9343,10/13/1995,2263 Sundown Plaza
Cesare,De Domenicis,cdedomeniciskb@wired.com,Female,378 299 0622,4/17/1994,2354 Everett Terrace
Wallis,Churchill,wchurchillkc@cocolog-nifty.com,Non-binary,830 683 0454,12/3/2008,8 Westend Road
Ericka,Doree,edoreekd@kickstarter.com,Genderqueer,128 110 9307,1/25/1989,64440 Pleasure Way
Elisa,Hews,ehewske@paginegialle.it,Agender,752 736 2609,5/1/1976,2 Reindahl Avenue
Cissiee,Gofton,cgoftonkf@bbb.org,Female,965 509 4300,10/31/2002,1677 Superior Park
Steven,Cadagan,scadagankg@telegraph.co.uk,Non-binary,905 547 4398,4/7/2002,36337 Oriole Trail
Mireielle,Grigoliis,mgrigoliiskh@unesco.org,Female,401 659 0600,4/22/1999,59983 Ridgeview Place
Ulrich,Sivill,usivillki@symantec.com,Agender,388 210 5840,3/6/2014,3 Gulseth Place
Bevon,Laborda,blabordakj@barnesandnoble.com,Non-binary,264 637 4185,6/7/1994,17 Coolidge Point
Star,Wolfart,swolfartkk@squidoo.com,Female,446 455 6711,12/27/1996,45 Sauthoff Street
Cesaro,Doughill,cdoughillkl@eepurl.com,Non-binary,595 428 3906,2/23/1976,0 Golf Course Parkway
Tymon,Gissop,tgissopkm@netvibes.com,Female,540 864 8752,9/10/2012,51357 Glacier Hill Alley
Ulysses,Tofpik,utofpikkn@over-blog.com,Agender,476 115 0607,5/16/1986,3608 Little Fleur Alley
Erroll,Vousden,evousdenko@uol.com.br,Bigender,865 531 0126,5/5/1993,175 Browning Road
Dyanna,O Gormley,dogormleykp@state.gov,Genderqueer,492 857 4610,1/21/2008,18856 Larry Circle
Duke,Scragg,dscraggkq@google.co.uk,Female,487 350 4347,11/20/2001,7314 Bluestem Parkway
Grayce,Rudgley,grudgleykr@sohu.com,Genderqueer,183 758 4874,6/21/2015,48 Darwin Trail
Fonsie,Studd,fstuddks@artisteer.com,Agender,494 248 9013,6/15/1983,4771 Norway Maple Pass
Scot,Blanchette,sblanchettekt@chicagotribune.com,Male,228 181 0145,11/7/2013,00 Upham Parkway
Herschel,Vallender,hvallenderku@princeton.edu,Male,112 102 6698,1/17/1985,08228 Banding Point
Eugine,Bickersteth,ebickerstethkv@nymag.com,Male,180 895 5398,3/14/1985,499 Sycamore Pass
Blaire,Gudde,bguddekw@w3.org,Polygender,411 360 8394,6/24/2014,4 High Crossing Road
Dehlia,Cohalan,dcohalankx@infoseek.co.jp,Agender,776 139 4340,11/9/1986,9 Atwood Center
Lucho,Clemmey,lclemmeyky@amazon.co.uk,Genderqueer,498 539 3818,4/7/1994,54098 Lerdahl Center
Caroljean,Fontanet,cfontanetkz@jimdo.com,Bigender,653 111 7843,4/8/2014,7 Waywood Crossing
Wash,Di Giacomo,wdigiacomol0@constantcontact.com,Male,742 921 2762,3/4/2001,907 Talmadge Place
Felicity,Pallas,fpallasl1@nih.gov,Genderfluid,956 649 0045,6/18/1998,6 David Pass
Quinta,Arlott,qarlottl2@washington.edu,Bigender,152 126 8298,6/14/1988,538 Union Terrace
Viviana,Nuccitelli,vnuccitellil3@jimdo.com,Genderqueer,732 722 8457,1/11/2015,43 Westport Center
Jeramey,Metheringham,jmetheringhaml4@bloglines.com,Non-binary,476 205 6865,7/25/2009,19641 Ramsey Place
Carol-jean,Diviny,cdivinyl5@constantcontact.com,Polygender,717 946 9776,12/23/1995,2 Fuller Court
Kirbie,Kopf,kkopfl6@is.gd,Male,736 426 0041,8/1/2015,65915 Moose Drive
Rora,Figgen,rfiggenl7@yahoo.com,Polygender,384 173 9566,1/2/2000,2 Dunning Drive
Vinnie,Backhurst,vbackhurstl8@google.co.uk,Bigender,562 209 2981,11/27/1972,3 Waubesa Circle
Annnora,O Hogertie,aohogertiel9@amazon.co.uk,Polygender,215 742 5491,5/2/1984,21 Kingsford Hill
Savina,Soal,ssoalla@woothemes.com,Female,225 114 5816,1/17/1982,00083 Daystar Point
Doug,Umbert,dumbertlb@yahoo.com,Male,938 151 0134,3/24/1975,1 Pine View Road
Bertina,Verity,bveritylc@paypal.com,Female,328 126 1175,4/29/2006,23 Shopko Point
Aarika,Farncombe,afarncombeld@yellowbook.com,Genderfluid,450 495 8764,9/29/1989,99061 Oxford Terrace
Hubert,Verbrugghen,hverbrugghenle@dagondesign.com,Non-binary,120 817 6520,6/16/1981,17636 Katie Street
Taite,Urrey,turreylf@sakura.ne.jp,Non-binary,712 107 4331,9/22/2011,9 Coolidge Pass
Amelie,Huggons,ahuggonslg@comsenz.com,Agender,908 458 9432,9/16/1994,27 Eagan Point
Cathrine,Ellins,cellinslh@cnet.com,Genderfluid,206 417 3826,6/1/1989,50343 Gateway Parkway
Sid,Gilfether,sgilfetherli@vinaora.com,Male,225 818 2626,12/18/2014,830 Muir Point
Kristo,Igonet,kigonetlj@hubpages.com,Genderfluid,406 779 1489,8/22/1973,6 Starling Place
Candide,Poytheras,cpoytheraslk@amazon.de,Male,198 574 2891,5/22/2012,44522 Sherman Point
Arman,Woolfenden,awoolfendenll@weebly.com,Female,857 432 8039,9/8/1976,73 Shoshone Plaza
Vivia,Esslement,vesslementlm@cdc.gov,Male,471 847 2828,12/25/1982,71 Carpenter Parkway
Dore,Klawi,dklawiln@youtu.be,Bigender,795 364 8536,3/5/1976,57879 7th Park
Eward,McTerlagh,emcterlaghlo@ebay.com,Male,532 576 9882,10/26/1983,56 Chive Way
Dell,Preston,dprestonlp@tiny.cc,Genderqueer,813 481 0838,10/25/1972,5 Bluejay Road
Zia,Le Count,zlecountlq@earthlink.net,Bigender,989 882 8219,3/9/2000,629 Union Crossing
Hally,Wardle,hwardlelr@typepad.com,Male,182 484 6546,4/18/1989,02 Garrison Pass
Jarid,Coules,jcoulesls@sfgate.com,Genderfluid,675 755 5896,5/29/2007,7 Heath Hill
Ric,Castlake,rcastlakelt@t-online.de,Polygender,862 202 8943,11/13/1985,64348 Arkansas Way
Andee,Grewer,agrewerlu@columbia.edu,Female,888 995 4168,1/30/1987,1516 Elgar Terrace
Charlotte,Eller,cellerlv@4shared.com,Genderfluid,204 569 3924,3/19/2013,58 Becker Junction
Grete,Dugald,gdugaldlw@rediff.com,Non-binary,177 514 9427,5/1/2008,17 Caliangt Drive
Bronny,Tubbles,btubbleslx@slashdot.org,Male,312 204 2125,9/23/2015,40 Burrows Trail
Cody,MacCaughen,cmaccaughenly@dot.gov,Female,325 897 3782,8/10/1979,552 Forest Dale Alley
Arlinda,Cultcheth,acultchethlz@dot.gov,Male,485 452 5038,5/13/1992,8 Autumn Leaf Trail
Quincey,De Giorgis,qdegiorgism0@nasa.gov,Non-binary,278 388 6743,6/19/2003,245 Muir Place
Sydney,Basley,sbasleym1@fotki.com,Polygender,861 622 5059,11/6/1995,6 Kensington Park
Rici,Djokic,rdjokicm2@utexas.edu,Female,183 707 2049,11/18/1998,30 Tennyson Parkway
Moishe,Heiss,mheissm3@uol.com.br,Genderqueer,392 303 6720,5/21/1988,09397 Morning Crossing
Kary,Surgenor,ksurgenorm4@bandcamp.com,Bigender,360 286 6724,10/9/1981,321 Anniversary Pass
Carrissa,Aickin,caickinm5@ftc.gov,Non-binary,107 225 9499,12/23/1997,7 Hallows Pass
Lindie,Smallpeace,lsmallpeacem6@xrea.com,Agender,633 239 8726,6/26/1990,5433 Bunting Junction
Joyann,Klemmt,jklemmtm7@twitpic.com,Genderfluid,792 262 8457,10/31/1974,91427 Bultman Park
Alameda,Kightly,akightlym8@parallels.com,Genderqueer,611 687 0289,4/30/1996,7937 Northfield Terrace
Vincents,Ebbens,vebbensm9@myspace.com,Agender,448 373 8622,3/6/2010,8 Donald Hill
Millard,Sandbatch,msandbatchma@ask.com,Bigender,260 414 1665,7/21/2005,8 Hallows Avenue
Brigit,Vedekhin,bvedekhinmb@csmonitor.com,Bigender,124 773 4094,4/7/1982,003 Merrick Court
Pat,Colbertson,pcolbertsonmc@slashdot.org,Bigender,901 379 1896,6/29/1996,7315 Fairview Way
Martainn,Bum,mbummd@imgur.com,Genderfluid,204 248 5436,11/1/2009,993 Lotheville Hill
Ronalda,Beggin,rbegginme@thetimes.co.uk,Non-binary,552 812 3324,5/22/1987,437 Grayhawk Lane
Engelbert,Morlon,emorlonmf@fda.gov,Polygender,668 420 2183,6/23/1973,03 Meadow Ridge Center
Scotti,Crummie,scrummiemg@washingtonpost.com,Polygender,223 388 4745,2/21/1986,3 Redwing Avenue
Myrle,Frogley,mfrogleymh@wordpress.com,Genderfluid,956 914 4855,2/5/1987,87 Sycamore Crossing
Ad,Corson,acorsonmi@mapy.cz,Genderfluid,447 837 9499,12/10/1979,09383 Russell Hill
Jaimie,Atkirk,jatkirkmj@storify.com,Bigender,446 141 9496,5/14/2013,0 Heffernan Plaza
Carmencita,Josskovitz,cjosskovitzmk@ed.gov,Bigender,851 533 4863,8/2/2011,82374 Clarendon Plaza
Bidget,Gleeson,bgleesonml@google.com.br,Agender,693 128 8165,2/10/2011,3842 Sage Court
Nikki,Bennington,nbenningtonmm@sfgate.com,Genderqueer,842 189 9041,8/12/2012,9797 Waxwing Alley
Sax,Lunney,slunneymn@hugedomains.com,Polygender,719 342 5395,7/9/1990,773 Jana Way
Liva,Stonham,lstonhammo@acquirethisname.com,Non-binary,241 228 0129,2/19/1994,479 Bay Road
Serena,Nealand,snealandmp@boston.com,Agender,515 588 3544,10/16/2001,7175 Center Place
Shir,Jullian,sjullianmq@bravesites.com,Non-binary,608 912 5190,12/4/1985,89980 Nobel Court
Kerwin,Francescone,kfrancesconemr@hc360.com,Genderfluid,867 569 9191,9/5/2006,026 Birchwood Terrace
Edwin,Swabey,eswabeyms@free.fr,Polygender,486 710 4169,3/21/2014,57 Northfield Circle
Griff,Stormont,gstormontmt@bbc.co.uk,Polygender,189 254 5645,11/28/1997,1371 Towne Park
Kendal,Peacock,kpeacockmu@vkontakte.ru,Female,177 163 1114,6/15/2006,2829 Luster Circle
Pietrek,Pinkie,ppinkiemv@arstechnica.com,Genderfluid,388 263 9298,11/25/2015,967 Dorton Court
Emlyn,Vanin,evaninmw@ameblo.jp,Polygender,456 395 0833,8/31/1987,3 Eggendart Avenue
Lorin,Allkins,lallkinsmx@list-manage.com,Polygender,523 558 9937,5/8/2015,143 Coleman Junction
Vita,O Toole,votoolemy@washingtonpost.com,Non-binary,464 303 9427,5/17/2002,4 Esch Center
Maje,Sailer,msailermz@sbwire.com,Polygender,472 812 8499,5/18/1995,4 Sunbrook Drive
Cassandry,Bettington,cbettingtonn0@delicious.com,Non-binary,837 217 8073,7/17/2001,82130 Mariners Cove Point
David,Lawtie,dlawtien1@fastcompany.com,Non-binary,691 118 9999,6/25/1996,514 Wayridge Alley
Maryl,Sherar,msherarn2@photobucket.com,Male,622 956 0807,5/7/1987,0222 Mariners Cove Street
Dud,Chaimson,dchaimsonn3@t.co,Genderqueer,468 860 1896,1/5/1975,7064 7th Avenue
Elvyn,Diprose,ediprosen4@un.org,Genderfluid,337 892 3440,6/14/1975,1434 Dixon Parkway
Theresa,Sima,tsiman5@huffingtonpost.com,Genderfluid,360 424 3839,8/22/1971,07939 Shoshone Way
Siegfried,Drever,sdrevern6@cbc.ca,Bigender,351 625 3865,3/1/1983,28207 Melrose Terrace
Gavin,Hadenton,ghadentonn7@sourceforge.net,Genderqueer,263 185 5288,3/31/1998,5824 Gale Parkway
Alphonso,Arnaudet,aarnaudetn8@prnewswire.com,Bigender,761 945 6548,2/17/1986,30 Lawn Park
Anestassia,Martinet,amartinetn9@indiegogo.com,Genderqueer,170 538 8071,11/21/1991,0 Glacier Hill Crossing
Erwin,Spinola,espinolana@ftc.gov,Female,621 514 2567,12/18/2009,2 Clarendon Street
Jeanna,McGraffin,jmcgraffinnb@dot.gov,Genderqueer,702 186 3158,2/16/2009,418 Eagan Junction
Ellswerth,Coldridge,ecoldridgenc@salon.com,Genderqueer,818 765 2672,6/1/1998,434 Declaration Junction
Viviyan,Bulfit,vbulfitnd@discuz.net,Genderqueer,130 335 7856,2/14/2000,4007 Merrick Hill
Forest,Aldam,faldamne@comcast.net,Polygender,541 295 3256,12/14/2006,2 Drewry Pass
Ashla,Womersley,awomersleynf@uol.com.br,Bigender,661 806 2275,2/19/2013,70408 Canary Plaza
Isabelita,Ridd,iriddng@so-net.ne.jp,Genderfluid,271 323 9224,5/11/1997,1 Gale Road
Ferdy,Henstone,fhenstonenh@google.es,Polygender,772 194 0640,2/25/2013,3054 Annamark Point
Tabbie,Pache,tpacheni@dmoz.org,Genderfluid,752 462 9552,5/10/2013,0051 Jenna Point
Sigvard,Venner,svennernj@dedecms.com,Non-binary,973 473 3774,12/1/2012,8278 Hauk Park
Leesa,Jost,ljostnk@cisco.com,Polygender,162 695 4518,6/1/2003,13 Arkansas Plaza
Aprilette,Crates,acratesnl@csmonitor.com,Polygender,474 270 4455,10/18/1994,96044 Warner Avenue
Deerdre,Fricke,dfrickenm@nasa.gov,Polygender,703 907 2464,12/13/1989,938 Mayer Junction
Angelia,Witling,awitlingnn@scientificamerican.com,Non-binary,512 772 4622,11/20/1978,4232 Schmedeman Pass
Horst,McGrath,hmcgrathno@google.pl,Male,911 631 6814,11/9/1995,185 Petterle Street
Jacquelynn,Lysons,jlysonsnp@blogtalkradio.com,Bigender,454 358 6101,3/22/1990,11786 Donald Avenue
Luciana,Neeves,lneevesnq@webmd.com,Genderqueer,177 620 3731,6/21/1984,090 Bartelt Alley
Garald,Juste,gjustenr@oaic.gov.au,Female,544 216 7175,7/24/2014,05 Cascade Road
Bjorn,Baudinet,bbaudinetns@g.co,Genderqueer,526 968 4314,1/7/1979,50933 Petterle Pass
Mariska,Adolfson,madolfsonnt@bloglovin.com,Genderqueer,630 566 7592,4/10/2002,01 Porter Trail
Margaretha,Vearncomb,mvearncombnu@ibm.com,Polygender,493 440 4351,6/10/2001,3 Vidon Place
Jere,Fortesquieu,jfortesquieunv@sun.com,Female,995 445 4996,1/31/1994,240 Shoshone Way
Leanora,Rooksby,lrooksbynw@mail.ru,Polygender,521 827 5083,8/9/1973,35105 Bay Crossing
Christi,Parkman,cparkmannx@engadget.com,Male,802 663 0981,2/1/1994,02653 Johnson Pass
Etty,Mcettrick,emcettrickny@weather.com,Non-binary,369 801 3428,8/23/2003,925 Gateway Junction
Merl,Coleridge,mcoleridgenz@opera.com,Male,140 635 8955,5/15/1980,4 Dayton Trail
Keene,Miles,kmileso0@csmonitor.com,Male,439 251 5373,2/6/2006,714 Summit Hill
Aaron,Sinton,asintono1@wired.com,Non-binary,303 872 1576,7/4/2006,91356 Continental Alley
Elora,Ruffli,erufflio2@slate.com,Non-binary,510 969 3145,3/6/2013,68097 Laurel Plaza
Marlie,Mynett,mmynetto3@homestead.com,Genderfluid,714 205 5136,5/8/1988,2 Roth Drive
Kristo,Bushnell,kbushnello4@miibeian.gov.cn,Genderfluid,763 560 9856,6/7/1987,06 Walton Point
Park,Cruess,pcruesso5@jalbum.net,Agender,641 875 1350,3/14/1978,17011 Coolidge Junction
Pauly,Edmans,pedmanso6@barnesandnoble.com,Polygender,458 131 5046,1/30/2011,966 Macpherson Avenue
Cinnamon,Zanutti,czanuttio7@cmu.edu,Non-binary,363 838 1665,7/6/1991,611 Schmedeman Parkway
Jayme,Spear,jspearo8@simplemachines.org,Genderqueer,746 307 0905,6/4/1990,8368 Prairie Rose Lane
Graehme,Beernaert,gbeernaerto9@geocities.com,Male,438 806 7779,7/7/2002,72 Village Junction
Juliane,Rainger,jraingeroa@storify.com,Female,194 611 7071,8/18/2013,42 Macpherson Plaza
Ileana,Runcie,iruncieob@wikimedia.org,Bigender,320 734 8976,4/18/2001,0 Union Terrace
Talya,Theunissen,ttheunissenoc@sakura.ne.jp,Agender,868 229 1564,3/4/1979,8884 Center Park
Sandra,Brodnecke,sbrodneckeod@springer.com,Genderfluid,994 153 5076,6/20/2002,26678 Manufacturers Point
Jessalyn,McArt,jmcartoe@ebay.com,Male,756 252 2994,11/26/1991,585 Merchant Hill
Nadine,Ferschke,nferschkeof@prweb.com,Polygender,972 938 9537,7/18/1995,5498 Sheridan Terrace
Skip,Sturdy,ssturdyog@yahoo.co.jp,Genderqueer,170 266 6272,4/9/1980,3941 Rowland Avenue
Haily,Dulson,hdulsonoh@hao123.com,Male,108 485 1863,1/18/2014,3822 Stoughton Crossing
Margy,Fromont,mfromontoi@mac.com,Genderqueer,927 334 8965,8/27/1997,8714 Northridge Circle
Kean,Barrand,kbarrandoj@digg.com,Genderfluid,581 149 6805,9/16/2008,027 Helena Road
Lorie,Coggings,lcoggingsok@omniture.com,Agender,360 506 6459,4/13/2008,0313 Hovde Trail
Juliet,Cortez,jcortezol@g.co,Agender,522 469 5985,11/5/2012,9152 Graceland Crossing
Petra,Winteringham,pwinteringhamom@shutterfly.com,Non-binary,318 830 5351,12/27/1984,12684 Donald Drive
Susana,Davydenko,sdavydenkoon@google.ca,Male,640 956 3480,9/8/1987,6 Nova Hill
Clarabelle,Calladine,ccalladineoo@statcounter.com,Polygender,714 711 8604,2/21/1988,1523 Judy Circle
Ardella,Doll,adollop@soundcloud.com,Genderqueer,410 754 4902,9/1/2000,8168 Truax Alley
Isabel,Gurwood,igurwoodoq@hud.gov,Non-binary,242 453 9313,3/26/1987,88 Holy Cross Alley
Britney,Witcher,bwitcheror@msn.com,Polygender,243 428 9884,5/8/1978,01 Shasta Point
Temp,Cantwell,tcantwellos@prnewswire.com,Female,934 903 1124,4/7/2015,20813 Ruskin Circle
Liv,Glasby,lglasbyot@booking.com,Agender,753 168 5392,3/27/2008,60 Briar Crest Avenue
Anthia,Venard,avenardou@hibu.com,Agender,111 687 0417,6/18/2007,74 Monica Street
Phaedra,Maryan,pmaryanov@ted.com,Agender,800 391 7227,5/11/1998,1837 Warner Drive
Stanly,Mil,smilow@vistaprint.com,Male,502 518 1729,12/19/2003,9 Basil Court
Eyde,Lidierth,elidierthox@dedecms.com,Bigender,523 745 5545,1/2/1974,31 Sauthoff Terrace
Rodina,Menpes,rmenpesoy@blog.com,Polygender,132 940 5587,4/20/1991,52 Darwin Parkway
Lorene,Hirsthouse,lhirsthouseoz@icio.us,Non-binary,783 724 5964,4/24/2003,9 Montana Crossing
Quent,Hampton,qhamptonp0@ameblo.jp,Female,976 839 2859,12/9/1996,42066 Coleman Pass
Danny,Bellow,dbellowp1@hugedomains.com,Bigender,316 287 2484,2/21/2003,27 Bunting Park
Sutton,Tellesson,stellessonp2@techcrunch.com,Polygender,500 914 6650,2/1/2007,792 Mcguire Avenue
Margo,Casaroli,mcasarolip3@toplist.cz,Polygender,102 756 3686,3/17/1985,994 Buhler Junction
Eduardo,Hambers,ehambersp4@yelp.com,Female,450 147 7151,11/28/1991,82728 Lerdahl Street
Jackie,Dalmon,jdalmonp5@weather.com,Bigender,721 316 9854,6/14/2003,7602 Vernon Crossing
Pris,Gascard,pgascardp6@myspace.com,Non-binary,623 413 8349,12/26/2009,810 Autumn Leaf Park
Loella,Gorgen,lgorgenp7@moonfruit.com,Female,332 111 5801,1/19/2001,33836 Hauk Alley
Scottie,Duckerin,sduckerinp8@vinaora.com,Non-binary,107 790 4099,10/31/2009,254 Rigney Pass
Cherye,Braunlein,cbraunleinp9@yellowbook.com,Non-binary,596 409 2832,9/11/2006,2050 Clemons Place
Neilla,Conerding,nconerdingpa@usgs.gov,Polygender,481 569 9502,12/16/2003,358 Alpine Parkway
Elfreda,Dick,edickpb@nyu.edu,Agender,817 236 2478,10/14/1975,38463 Melrose Pass
Earl,Di Angelo,ediangelopc@diigo.com,Male,289 503 1275,5/29/2006,4522 Marcy Court
Prescott,Keener,pkeenerpd@flavors.me,Female,904 440 2472,2/12/1994,2 Myrtle Center
Doralynne,Gresly,dgreslype@buzzfeed.com,Genderqueer,621 438 0660,9/28/1991,5 Arkansas Court
Freeland,Alben,falbenpf@aol.com,Non-binary,702 732 3870,5/25/1987,20 Division Crossing
Bud,Fragino,bfraginopg@aboutads.info,Polygender,719 498 4752,2/18/1993,30 Boyd Park
Robinia,Poznanski,rpoznanskiph@livejournal.com,Male,176 619 7314,5/8/2007,60 Starling Parkway
Orville,Dunlea,odunleapi@wikispaces.com,Non-binary,319 496 8872,2/4/2005,4 Vera Circle
Randolph,Tomasi,rtomasipj@ycombinator.com,Genderqueer,897 725 3933,4/29/2003,9 Glendale Circle
Neddie,Hayer,nhayerpk@economist.com,Female,794 286 7530,8/1/2006,91 Farwell Alley
Rafi,Viant,rviantpl@icio.us,Male,691 383 3293,3/30/1989,6569 Monument Circle
Ruperto,Croydon,rcroydonpm@delicious.com,Male,203 491 2996,8/21/1984,9 Montana Trail
Vincent,Labroue,vlabrouepn@phpbb.com,Genderfluid,124 178 6566,6/10/2009,7085 Waywood Road
Damian,Vaines,dvainespo@merriam-webster.com,Agender,292 127 4972,12/19/1994,80263 Holy Cross Street
Lexi,De Meis,ldemeispp@cbsnews.com,Polygender,281 929 2769,1/26/1989,6968 Ludington Drive
Elvyn,Glascott,eglascottpq@instagram.com,Polygender,602 126 9848,2/10/1996,40897 Bartelt Circle
Christyna,McDonough,cmcdonoughpr@facebook.com,Genderfluid,404 111 0566,1/17/1980,43 Londonderry Drive
Chevalier,Draco,cdracops@webs.com,Genderqueer,706 216 2173,3/21/2000,37 Hermina Avenue
Nanny,Smetoun,nsmetounpt@ask.com,Non-binary,351 563 2022,12/13/1992,6775 Sommers Pass
Ron,Bassick,rbassickpu@google.ru,Female,249 811 1030,8/1/1979,07 Pleasure Crossing
Noellyn,Bedson,nbedsonpv@weibo.com,Non-binary,527 529 2156,10/8/2012,32 Miller Trail
Tory,Moules,tmoulespw@pen.io,Bigender,127 494 2457,2/12/1986,457 Jana Avenue
Dode,Spinola,dspinolapx@dell.com,Male,705 571 1495,8/23/2009,5 Carey Street
Michaella,Hyder,mhyderpy@cbslocal.com,Genderqueer,718 407 8326,2/22/1992,32 Calypso Lane
Tabby,Pashley,tpashleypz@goo.ne.jp,Bigender,613 451 5032,1/18/2006,04 Waxwing Circle
Eamon,Vanni,evanniq0@virginia.edu,Bigender,280 457 1614,6/13/1984,8 Carberry Way
Giovanni,Hainey`,ghaineyq1@sourceforge.net,Genderfluid,102 867 2476,11/7/2002,35131 Daystar Lane
Enid,Westphal,ewestphalq2@soundcloud.com,Genderfluid,172 593 3297,11/27/2003,439 Little Fleur Drive
Alejandro,Assel,aasselq3@netvibes.com,Bigender,280 725 4355,5/25/2015,9 Waxwing Center
Bunny,Haborn,bhabornq4@sitemeter.com,Bigender,973 309 6596,6/25/2012,0 Arizona Park
Currie,Brackley,cbrackleyq5@fastcompany.com,Genderqueer,674 285 0019,12/4/1973,67 Sheridan Alley
Stephi,Langridge,slangridgeq6@chronoengine.com,Bigender,882 964 5544,11/8/2007,3 Carey Avenue
Dex,Sewley,dsewleyq7@php.net,Agender,422 534 1547,12/24/1994,06680 Gina Way
Keslie,Danielski,kdanielskiq8@google.nl,Bigender,285 823 2358,1/29/2012,5593 Park Meadow Lane
Pavel,Ovesen,povesenq9@bing.com,Non-binary,433 325 0920,7/17/1984,1 Nova Junction
Damara,Spitell,dspitellqa@time.com,Non-binary,531 711 8930,10/10/2004,3 Mifflin Pass
Harlin,Eckhard,heckhardqb@bigcartel.com,Non-binary,361 123 7954,3/3/1991,4 Drewry Alley
Garnet,Loines,gloinesqc@gravatar.com,Bigender,275 383 3470,12/3/1993,0344 Briar Crest Pass
Eldon,Gilhool,egilhoolqd@bloglovin.com,Genderqueer,402 482 7164,3/29/1980,0276 Forest Place
Stanfield,Filkin,sfilkinqe@xing.com,Male,100 427 6171,11/6/2006,6 Village Green Street
Cortie,Spera,csperaqf@github.io,Female,972 444 3981,9/2/1976,88 Elmside Circle
Imogen,Dragoe,idragoeqg@imageshack.us,Bigender,362 763 9205,4/16/1994,25898 Brown Terrace
Lillian,Anker,lankerqh@google.com.au,Polygender,640 314 1646,5/8/2000,02348 Grover Pass
Ranique,Noni,rnoniqi@slideshare.net,Genderfluid,619 391 1387,1/29/2000,46542 Waubesa Drive
Kayle,M Chirrie,kmchirrieqj@bloglines.com,Male,911 936 1956,1/22/1996,8722 Morningstar Crossing
Lionello,Rubinfeld,lrubinfeldqk@examiner.com,Genderfluid,190 687 5084,12/10/1975,44581 Hanson Plaza
Lena,MacCartair,lmaccartairql@smh.com.au,Bigender,959 175 3494,3/3/1978,65 Mayer Terrace
Randie,Frazer,rfrazerqm@cpanel.net,Bigender,291 367 8007,8/16/1998,79 Onsgard Street
Cello,Wines,cwinesqn@earthlink.net,Bigender,363 151 1000,12/27/1998,63766 Lakewood Gardens Hill
Deirdre,Gherardi,dgherardiqo@photobucket.com,Bigender,218 341 2124,12/11/1972,99897 Clarendon Circle
Murvyn,Pobjoy,mpobjoyqp@usatoday.com,Female,285 716 8762,10/13/1998,77151 Loftsgordon Point
Bernette,Seares,bsearesqq@smh.com.au,Polygender,212 622 8448,8/11/1989,7 Donald Lane
Calhoun,Littrik,clittrikqr@dyndns.org,Male,188 630 2925,12/14/1994,5 Kedzie Lane
Yasmeen,Mathet,ymathetqs@163.com,Non-binary,520 206 1052,10/19/1994,90 International Trail
Jacquette,Davydochkin,jdavydochkinqt@networkadvertising.org,Polygender,707 476 6141,6/20/1989,6 Calypso Parkway
Odelia,Venny,ovennyqu@berkeley.edu,Bigender,462 782 6349,1/22/1985,96422 Artisan Court
Griffin,Kop,gkopqv@china.com.cn,Agender,935 373 5378,8/15/2012,5074 Almo Alley
Nealson,Fairlem,nfairlemqw@merriam-webster.com,Non-binary,453 813 1665,1/13/2002,55836 Hooker Street
Bernadette,Brunke,bbrunkeqx@ehow.com,Female,544 501 7887,6/30/1987,375 Northport Point
Tiphani,Caulliere,tcaulliereqy@dropbox.com,Genderfluid,182 483 9281,2/5/1979,93 Talisman Circle
Corny,Syfax,csyfaxqz@wikipedia.org,Female,945 306 2244,8/14/1976,18176 Old Shore Point
Carmina,Nangle,cnangler0@fc2.com,Non-binary,995 852 3520,9/13/2008,32185 Ilene Way
Jyoti,Kendrew,jkendrewr1@gov.uk,Male,857 627 0157,2/18/1975,194 Kensington Junction
Sarette,Debling,sdeblingr2@unblog.fr,Female,307 846 0753,3/17/2006,142 Elmside Parkway
Chloris,Yves,cyvesr3@posterous.com,Genderfluid,233 427 3044,12/12/1978,450 Gale Court
Pam,Blindt,pblindtr4@netscape.com,Genderfluid,544 823 5236,2/9/2003,51 Sloan Crossing
Alexina,Veque,avequer5@drupal.org,Male,156 210 4409,9/9/1997,3077 Village Road
Garvy,Ellson,gellsonr6@alibaba.com,Male,880 382 9174,10/24/1993,5 Mayfield Way
Rikki,Yuryatin,ryuryatinr7@t-online.de,Female,119 198 3041,6/16/1991,90375 Merrick Trail
Sigfried,Aird,sairdr8@oakley.com,Non-binary,412 151 2821,7/29/2002,1 Laurel Terrace
Ines,Ewdale,iewdaler9@fotki.com,Male,599 316 9589,4/7/1971,7459 Hayes Court
Chandal,Vieyra,cvieyrara@comsenz.com,Genderfluid,553 381 2416,10/25/1982,8 Welch Trail
Ferris,Rickard,frickardrb@deliciousdays.com,Male,371 163 6556,9/25/1994,75 Ridgeview Way
Ellswerth,de Vaen,edevaenrc@dion.ne.jp,Female,775 612 3102,5/18/1972,10618 Merrick Lane
Allegra,Yushachkov,ayushachkovrd@dyndns.org,Genderfluid,798 591 1918,6/18/1995,944 Continental Terrace
Averil,Jadczak,ajadczakre@ebay.com,Bigender,767 594 3973,1/14/2011,6783 Stone Corner Point
Harry,Goodere,hgoodererf@wsj.com,Bigender,734 815 8825,4/26/2004,88 Westport Point
Zorine,Timperley,ztimperleyrg@va.gov,Polygender,532 166 9485,1/4/1972,743 Ilene Court
Verna,Faich,vfaichrh@sogou.com,Non-binary,222 758 7130,2/22/2004,8 Dixon Street
Wilbur,Ordish,wordishri@about.me,Male,369 786 5506,4/16/1976,19 Northfield Drive
Ritchie,Oslar,roslarrj@infoseek.co.jp,Agender,154 674 2880,3/27/2012,110 Stoughton Circle
Isis,Hartless,ihartlessrk@alibaba.com,Bigender,868 528 7554,6/13/1976,44871 Saint Paul Park
Hunter,Munt,hmuntrl@topsy.com,Non-binary,145 259 3570,11/13/1972,0707 Forest Dale Drive
Batsheva,Woolward,bwoolwardrm@google.cn,Female,476 890 9601,7/31/1981,000 Claremont Lane
Celia,Chessor,cchessorrn@wisc.edu,Female,317 434 0952,11/22/1998,479 Riverside Trail
Gay,Slyne,gslynero@linkedin.com,Polygender,261 431 6977,12/10/1987,10 Hudson Center
Maire,Paladini,mpaladinirp@princeton.edu,Male,865 954 1041,8/4/1974,056 Sundown Road
Norris,Wibrow,nwibrowrq@prweb.com,Agender,764 859 0582,4/16/1982,22 Heath Lane
Flossi,Millwall,fmillwallrr@imageshack.us,Female,965 460 6492,5/8/1997,295 Roxbury Junction